time,probe,device_id,moisture_pct,m_raw,temp_C,ec_uS_cm,byte11,ec_raw,byte8,logger
07:15:57,back_lawn_se,005995,35,958,14.5,157.1,0x16,,,1 (filtered)
07:16:01,back_lawn_sw,005cb5,31,947,12.5,76.2,0x16,,,1 (filtered)
07:16:11,back_lawn_ne,005b45,0,588,14.7,5.2,0x16,,,1 (filtered)
07:16:21,back_lawn_ne,005b45,26,889,14.4,76.0,0x16,,,1 (filtered)
07:16:22,back_lawn_sw,005cb5,31,950,12.5,76.2,0x16,,,1 (filtered)
07:16:25,desk_spare,0070f4,0,582,23.8,5.0,0x16,,,1 (filtered)
07:16:31,back_lawn_ne,005b45,26,890,13.8,76.1,0x16,,,1 (filtered)
07:16:33,back_lawn_sw,005cb5,31,948,12.7,76.2,0x16,,,1 (filtered)
07:16:45,back_lawn_nw,0058ac,27,889,15.3,46.0,0x16,,,1 (filtered)
07:17:09,back_lawn_se,005995,34,949,13.8,136.9,0x16,,,1 (filtered)
07:17:44,back_lawn_sw,005cb5,31,944,12.7,76.3,0x16,,,1 (filtered)
07:17:58,back_lawn_nw,0058ac,27,888,14.6,46.0,0x16,,,1 (filtered)
07:18:20,back_lawn_se,005995,34,946,13.1,136.8,0x16,,,1 (filtered)
07:18:33,back_lawn_ne,005b45,26,891,12.9,86.1,0x16,,,1 (filtered)
07:18:55,back_lawn_sw,005cb5,31,943,12.8,76.3,0x16,,,1 (filtered)
07:19:31,back_lawn_se,005995,34,944,12.5,136.8,0x16,,,1 (filtered)
07:20:07,back_lawn_sw,005cb5,31,942,12.8,76.3,0x16,,,1 (filtered)
07:20:42,back_lawn_se,005995,33,943,12.5,136.8,0x16,,,1 (filtered)
07:21:18,back_lawn_sw,005cb5,31,941,12.8,76.3,0x16,,,1 (filtered)
07:21:54,back_lawn_se,005995,33,942,12.5,136.8,0x16,,,1 (filtered)
07:22:29,back_lawn_sw,005cb5,30,939,12.8,76.3,0x16,,,1 (filtered)
07:22:50,back_lawn_nw,0058ac,59,1219,13.2,5.5,0x16,,,1 (filtered)
07:23:05,back_lawn_se,005995,58,1192,12.5,5.5,0x16,,,1 (filtered)
07:23:10,back_lawn_nw,0058ac,63,1259,14.1,15.7,0x16,,,1 (filtered)
07:23:15,back_lawn_se,005995,61,1223,12.6,5.4,0x16,,,1 (filtered)
07:23:18,back_lawn_ne,005b45,64,1284,13.0,35.5,0x16,,,1 (filtered)
07:23:25,back_lawn_se,005995,61,1222,13.1,5.4,0x16,,,1 (filtered)
07:23:28,back_lawn_ne,005b45,64,1283,13.5,35.5,0x16,,,1 (filtered)
07:23:35,back_lawn_se,005995,61,1221,13.8,5.4,0x16,,,1 (filtered)
07:23:40,back_lawn_sw,005cb5,57,1204,12.8,5.6,0x16,,,1 (filtered)
07:23:45,back_lawn_se,005995,61,1220,14.4,5.4,0x16,,,1 (filtered)
07:23:58,back_lawn_ne,005b45,63,1282,14.6,25.5,0x16,,,1 (filtered)
07:24:00,back_lawn_sw,005cb5,57,1203,13.8,5.6,0x16,,,1 (filtered)
07:24:05,back_lawn_se,005995,61,1219,14.5,5.4,0x16,,,1 (filtered)
07:24:10,back_lawn_sw,005cb5,57,1202,14.3,5.6,0x16,,,1 (filtered)
07:24:16,back_lawn_se,005995,61,1218,14.6,5.4,0x16,,,1 (filtered)
07:24:18,back_lawn_ne,005b45,63,1281,14.6,25.5,0x16,,,1 (filtered)
07:24:20,back_lawn_sw,005cb5,57,1201,14.3,5.6,0x16,,,1 (filtered)
07:24:30,back_lawn_sw,005cb5,57,1200,14.3,5.6,0x16,,,1 (filtered)
07:24:40,back_lawn_sw,005cb5,57,1199,14.3,5.6,0x16,,,1 (filtered)
07:24:52,back_lawn_sw,005cb5,57,1198,14.3,5.6,0x16,,,1 (filtered)
07:25:16,back_lawn_nw,0058ac,63,1258,14.6,15.6,0x16,,,1 (filtered)
07:25:27,back_lawn_se,005995,61,1216,14.6,5.4,0x16,,,1 (filtered)
07:25:41,back_lawn_ne,005b45,63,1280,14.6,15.4,0x16,,,1 (filtered)
07:26:03,back_lawn_sw,005cb5,56,1193,14.4,5.6,0x16,,,1 (filtered)
07:26:39,back_lawn_se,005995,60,1215,14.6,5.4,0x16,,,1 (filtered)
07:27:14,back_lawn_sw,005cb5,56,1189,14.4,5.5,0x16,,,1 (filtered)
07:27:42,back_lawn_nw,0058ac,63,1257,14.6,5.5,0x16,,,1 (filtered)
07:28:03,back_lawn_ne,005b45,63,1279,14.6,25.5,0x16,,,1 (filtered)
07:28:25,back_lawn_sw,005cb5,55,1187,14.4,5.5,0x16,,,1 (filtered)
07:28:55,back_lawn_nw,0058ac,63,1256,14.7,5.5,0x16,,,1 (filtered)
07:29:36,back_lawn_sw,005cb5,1,650,14.4,5.3,0x16,,,1 (filtered)
07:30:06,back_lawn_sw,005cb5,100,1670,14.0,278.3,0x16,,,1 (filtered)
07:30:08,back_lawn_nw,0058ac,100,1669,14.6,318.7,0x16,,,1 (filtered)
07:30:12,back_lawn_se,005995,100,1646,14.6,308.6,0x16,,,1 (filtered)
07:30:18,back_lawn_nw,0058ac,100,1670,15.8,308.7,0x16,,,1 (filtered)
07:30:22,back_lawn_se,005995,100,1648,15.8,298.6,0x16,,,1 (filtered)
07:30:26,back_lawn_ne,005b45,100,1690,14.6,328.6,0x16,,,1 (filtered)
07:30:26,back_lawn_sw,005cb5,100,1669,15.7,278.4,0x16,,,1 (filtered)
07:30:28,back_lawn_nw,0058ac,100,1671,17.2,298.7,0x16,,,1 (filtered)
07:30:32,back_lawn_se,005995,100,1650,17.1,288.6,0x16,,,1 (filtered)
07:30:36,back_lawn_ne,005b45,100,1688,15.9,318.6,0x16,,,1 (filtered)
07:30:48,back_lawn_sw,005cb5,100,1671,18.0,268.4,0x16,,,1 (filtered)
07:30:52,back_lawn_se,005995,100,1651,18.5,278.6,0x16,,,1 (filtered)
07:30:56,back_lawn_ne,005b45,100,1689,18.7,298.6,0x16,,,1 (filtered)
07:31:02,back_lawn_se,005995,100,1649,18.5,278.6,0x16,,,1 (filtered)
07:31:06,back_lawn_ne,005b45,100,1674,18.7,308.7,0x16,,,1 (filtered)
07:31:26,back_lawn_ne,005b45,100,1671,18.6,308.7,0x16,,,1 (filtered)
07:31:59,back_lawn_sw,005cb5,100,1668,18.3,298.8,0x16,,,1 (filtered)
07:32:34,back_lawn_nw,0058ac,96,1593,18.8,308.9,0x16,,,1 (filtered)
07:32:35,back_lawn_se,005995,100,1688,18.3,298.8,0x16,,,1 (filtered)
07:32:48,back_lawn_ne,005b45,100,1661,18.6,328.9,0x16,,,1 (filtered)
07:33:10,back_lawn_sw,005cb5,100,1666,18.3,298.7,0x16,,,1 (filtered)
07:33:59,back_lawn_ne,005b45,100,1660,18.5,328.9,0x16,,,1 (filtered)
07:34:57,back_lawn_se,005995,100,1692,18.1,288.6,0x16,,,1 (filtered)
07:35:00,back_lawn_nw,0058ac,96,1594,18.4,298.8,0x16,,,1 (filtered)
07:35:11,back_lawn_ne,005b45,100,1659,18.3,328.8,0x16,,,1 (filtered)
07:37:26,back_lawn_nw,0058ac,97,1596,17.8,298.8,0x16,,,1 (filtered)
07:37:43,desk_spare,0070f4,0,583,24.1,5.0,0x16,,,1 (filtered)
07:39:52,back_lawn_nw,0058ac,97,1595,17.4,298.7,0x16,,,1 (filtered)
07:43:52,back_lawn_sw,005cb5,100,1667,16.6,288.5,0x16,,,1 (filtered)
07:44:41,back_lawn_ne,005b45,100,1657,16.7,328.7,0x16,,,1 (filtered)
07:44:44,back_lawn_nw,0058ac,97,1599,16.7,308.7,0x16,,,1 (filtered)
07:45:03,back_lawn_sw,005cb5,10,739,16.6,5.2,0x16,,,1 (filtered)
07:45:13,back_lawn_sw,005cb5,8,714,19.2,5.3,0x16,,,1 (filtered)
07:45:23,back_lawn_sw,005cb5,6,699,22.2,5.3,0x16,,,1 (filtered)
07:45:33,back_lawn_sw,005cb5,6,700,25.5,5.3,0x16,,,1 (filtered)
07:45:39,back_lawn_se,005995,1,619,16.4,5.1,0x16,,,1 (filtered)
07:45:43,back_lawn_sw,005cb5,5,694,25.5,5.4,0x16,,,1 (filtered)
07:45:49,back_lawn_se,005995,1,617,18.4,5.1,0x16,,,1 (filtered)
07:45:52,back_lawn_ne,005b45,9,718,16.7,5.2,0x16,,,1 (filtered)
07:45:53,back_lawn_sw,005cb5,13,770,26.2,5.2,0x16,,,1 (filtered)
07:45:57,back_lawn_nw,0058ac,17,794,16.7,5.0,0x16,,,1 (filtered)
07:45:59,back_lawn_se,005995,1,622,20.8,5.1,0x16,,,1 (filtered)
07:46:02,back_lawn_ne,005b45,5,681,21.0,5.2,0x16,,,1 (filtered)
07:46:03,back_lawn_sw,005cb5,8,716,29.9,5.2,0x16,,,1 (filtered)
07:46:07,back_lawn_nw,0058ac,19,807,21.3,298.9,0x16,,,1 (filtered)
07:46:09,back_lawn_se,005995,1,614,23.7,5.1,0x16,,,1 (filtered)
07:46:17,back_lawn_nw,0058ac,14,765,27.3,4.9,0x16,,,1 (filtered)
07:46:19,back_lawn_se,005995,0,612,23.8,5.2,0x16,,,1 (filtered)
07:46:22,back_lawn_ne,005b45,5,676,37.3,5.2,0x16,,,1 (filtered)
07:46:27,back_lawn_nw,0058ac,13,754,37.3,5.0,0x16,,,1 (filtered)
07:46:29,back_lawn_se,005995,12,723,23.7,5.1,0x16,,,1 (filtered)
07:46:32,back_lawn_ne,005b45,10,723,37.7,5.2,0x16,,,1 (filtered)
07:46:37,back_lawn_nw,0058ac,5,667,37.2,4.8,0x16,,,1 (filtered)
07:46:39,back_lawn_se,005995,2,626,23.7,5.1,0x16,,,1 (filtered)
07:46:42,back_lawn_ne,005b45,2,645,37.6,5.2,0x16,,,1 (filtered)
07:46:47,back_lawn_nw,0058ac,5,668,35.3,4.8,0x16,,,1 (filtered)
07:46:50,back_lawn_se,005995,2,624,23.2,5.1,0x16,,,1 (filtered)
07:46:52,back_lawn_ne,005b45,1,639,34.7,5.2,0x16,,,1 (filtered)
07:46:57,back_lawn_nw,0058ac,3,653,31.3,4.8,0x16,,,1 (filtered)
07:47:03,back_lawn_ne,005b45,1,634,30.7,5.2,0x16,,,1 (filtered)
07:47:10,back_lawn_nw,0058ac,3,651,27.3,4.8,0x16,,,1 (filtered)
07:47:25,back_lawn_sw,005cb5,1,652,35.2,5.2,0x16,,,1 (filtered)
07:48:01,back_lawn_se,005995,100,1673,22.1,288.9,0x16,,,1 (filtered)
07:48:11,back_lawn_se,005995,100,1675,20.8,298.9,0x16,,,1 (filtered)
07:48:21,back_lawn_se,005995,100,1676,20.1,298.9,0x16,,,1 (filtered)
07:48:23,back_lawn_nw,0058ac,3,649,24.9,4.8,0x16,,,1 (filtered)
07:48:24,back_lawn_ne,005b45,100,1668,24.0,309.0,0x16,,,1 (filtered)
07:48:34,back_lawn_ne,005b45,100,1669,21.6,319.0,0x16,,,1 (filtered)
07:48:37,back_lawn_sw,005cb5,2,656,32.1,5.2,0x16,,,1 (filtered)
07:48:44,back_lawn_ne,005b45,100,1670,19.8,329.0,0x16,,,1 (filtered)
07:49:01,back_lawn_se,005995,100,1677,19.9,309.0,0x16,,,1 (filtered)
07:49:36,back_lawn_nw,0058ac,2,641,22.1,4.8,0x16,,,1 (filtered)
07:50:37,back_lawn_ne,005b45,100,1660,19.8,339.1,0x16,,,1 (filtered)
07:50:49,back_lawn_nw,0058ac,1,634,19.9,4.8,0x16,,,1 (filtered)
07:50:49,back_lawn_nw,0058ac,1,634,19.9,4.8,0x16,,,1 (filtered)
07:50:59,back_lawn_sw,005cb5,1,652,20.8,5.2,0x16,,,1 (filtered)
07:51:35,back_lawn_se,005995,4,649,19.9,5.2,0x16,,,1 (filtered)
07:51:35,back_lawn_se,005995,4,649,19.9,5.2,0x16,,,1 (filtered)
07:51:45,back_lawn_se,005995,3,637,19.8,5.2,0x16,,,1 (filtered)
07:51:45,back_lawn_se,005995,3,637,19.8,5.2,0x16,,,1 (filtered)
07:51:48,back_lawn_ne,005b45,4,666,19.8,5.3,0x16,,,1 (filtered)
07:51:48,back_lawn_ne,005b45,4,666,19.8,5.3,0x16,,,1 (filtered)
07:51:55,back_lawn_se,005995,2,631,19.7,5.2,0x16,,,1 (filtered)
07:51:55,back_lawn_se,005995,2,631,19.7,5.2,0x16,,,1 (filtered)
07:51:58,back_lawn_ne,005b45,4,662,19.9,5.3,0x16,,,1 (filtered)
07:51:58,back_lawn_ne,005b45,4,662,19.9,5.3,0x16,,,1 (filtered)
07:52:02,back_lawn_nw,0058ac,95,1578,18.9,329.1,0x16,,,1 (filtered)
07:52:05,back_lawn_se,005995,2,626,19.5,5.2,0x16,,,1 (filtered)
07:52:08,back_lawn_ne,005b45,3,660,20.1,5.4,0x16,,,1 (filtered)
07:52:10,back_lawn_sw,005cb5,100,1672,20.0,319.1,0x16,,,1 (filtered)
07:52:12,back_lawn_nw,0058ac,95,1583,18.9,329.1,0x16,,,1 (filtered)
07:52:15,back_lawn_se,005995,1,622,19.3,5.2,0x16,,,1 (filtered)
07:52:18,back_lawn_ne,005b45,3,658,20.3,5.4,0x16,,,1 (filtered)
07:52:20,back_lawn_sw,005cb5,100,1675,19.9,319.1,0x16,,,1 (filtered)
07:52:22,back_lawn_nw,0058ac,95,1584,19.3,329.1,0x16,,,1 (filtered)
07:52:25,back_lawn_se,005995,1,617,19.2,5.2,0x16,,,1 (filtered)
07:52:28,back_lawn_ne,005b45,3,657,20.5,5.4,0x16,,,1 (filtered)
07:52:28,back_lawn_ne,005b45,3,657,20.5,5.4,0x16,,,1 (filtered)
07:52:30,back_lawn_sw,005cb5,100,1674,19.9,319.1,0x16,,,1 (filtered)
07:52:38,back_lawn_ne,005b45,3,655,20.6,5.3,0x16,,,1 (filtered)
07:52:46,back_lawn_se,005995,0,610,19.0,5.2,0x16,,,1 (filtered)
07:52:52,back_lawn_nw,0058ac,96,1585,20.0,319.1,0x16,,,1 (filtered)
07:52:59,back_lawn_ne,005b45,3,652,20.8,5.0,0x16,,,1 (filtered)
07:52:59,back_lawn_ne,005b45,3,652,20.8,5.0,0x16,,,1 (filtered)
07:53:57,back_lawn_se,005995,0,596,18.9,5.2,0x16,,,1 (filtered)
07:54:11,back_lawn_ne,005b45,2,644,20.8,5.3,0x16,,,1 (filtered)
07:54:11,back_lawn_ne,005b45,2,644,20.8,5.3,0x16,,,1 (filtered)
07:54:17,desk_spare,0070f4,0,583,24.3,5.0,0x16,,,1 (filtered)
07:54:28,back_lawn_nw,0058ac,6,684,20.0,4.8,0x16,,,1 (filtered)
07:54:28,back_lawn_nw,0058ac,6,684,20.0,4.8,0x16,,,1 (filtered)
07:54:33,back_lawn_sw,005cb5,6,703,20.2,5.3,0x16,,,1 (filtered)
07:54:33,back_lawn_sw,005cb5,6,703,20.2,5.3,0x16,,,1 (filtered)
07:54:38,back_lawn_nw,0058ac,3,649,20.1,4.8,0x16,,,1 (filtered)
07:54:43,back_lawn_sw,005cb5,4,675,20.2,5.4,0x16,,,1 (filtered)
07:55:22,back_lawn_ne,005b45,0,617,20.8,5.2,0x16,,,1 (filtered)
07:56:20,back_lawn_se,005995,0,607,18.8,5.2,0x16,,,1 (filtered)
07:56:33,back_lawn_ne,005b45,0,602,20.6,5.2,0x16,,,1 (filtered)
07:56:39,desk_spare,0070f4,0,582,24.3,5.0,0x16,,,1 (filtered)
07:57:31,back_lawn_se,005995,0,599,18.7,5.2,0x16,,,1 (filtered)
07:57:44,back_lawn_ne,005b45,0,594,20.4,5.2,0x16,,,1 (filtered)
07:58:42,back_lawn_se,005995,0,604,18.7,5.2,0x16,,,1 (filtered)
07:58:56,back_lawn_ne,005b45,0,589,20.1,5.1,0x16,,,1 (filtered)
07:59:54,back_lawn_se,005995,0,584,18.7,5.2,0x16,,,1 (filtered)
08:00:07,back_lawn_ne,005b45,0,587,20.0,5.1,0x16,,,1 (filtered)
08:00:29,back_lawn_sw,005cb5,95,1574,20.3,997.0,0x26,25522,0x60,2 (unfiltered)
08:00:33,back_lawn_nw,0058ac,89,1517,20.2,1037.3,0x26,26555,0x50,2 (unfiltered)
08:01:05,back_lawn_se,005995,0,583,18.6,5.2,0x16,,,1 (filtered)
08:01:05,back_lawn_se,005995,0,583,18.6,5.2,0x16,132,0x20,2 (unfiltered)
08:01:18,back_lawn_ne,005b45,0,587,20.0,5.1,0x16,131,0x20,2 (unfiltered)
08:01:40,back_lawn_sw,005cb5,95,1574,20.4,1007.0,0x26,25780,0x60,2 (unfiltered)
08:02:16,back_lawn_se,005995,0,581,18.6,5.2,0x16,,,1 (filtered)
08:02:16,back_lawn_se,005995,0,581,18.6,5.2,0x16,132,0x20,2 (unfiltered)
08:02:29,back_lawn_ne,005b45,0,586,20.0,5.1,0x16,,,1 (filtered)
08:02:29,back_lawn_ne,005b45,0,586,20.0,5.1,0x16,131,0x20,2 (unfiltered)
08:02:51,back_lawn_sw,005cb5,95,1575,20.5,1007.1,0x26,25781,0x60,2 (unfiltered)
08:02:59,back_lawn_nw,0058ac,89,1517,20.3,1027.2,0x26,26296,0x50,2 (unfiltered)
08:03:27,back_lawn_se,005995,96,1572,18.7,1037.0,0x26,26547,0x60,2 (unfiltered)
08:03:37,back_lawn_se,005995,96,1573,19.2,1027.0,0x26,26291,0x60,2 (unfiltered)
08:03:45,desk_spare,0070f4,0,583,24.4,5.0,0x16,128,0x20,2 (unfiltered)
08:03:47,back_lawn_se,005995,96,1573,19.6,1017.1,0x26,26037,0x60,2 (unfiltered)
08:03:51,back_lawn_ne,005b45,92,1582,20.1,1006.9,0x26,25777,0x60,2 (unfiltered)
08:03:57,back_lawn_se,005995,96,1574,20.1,1017.1,0x26,26039,0x60,2 (unfiltered)
08:04:03,back_lawn_sw,005cb5,1,646,20.5,5.3,0x16,,,1 (filtered)
08:04:03,back_lawn_sw,005cb5,1,646,20.5,5.3,0x16,135,0x20,2 (unfiltered)
08:04:07,back_lawn_se,005995,96,1574,20.2,1027.2,0x26,26297,0x60,2 (unfiltered)
08:04:11,back_lawn_ne,005b45,93,1583,20.2,1017.0,0x26,26035,0x60,2 (unfiltered)
08:04:12,back_lawn_nw,0058ac,2,641,20.3,5.4,0x16,,,1 (filtered)
08:04:12,back_lawn_nw,0058ac,2,641,20.3,5.4,0x16,137,0x20,2 (unfiltered)
08:04:13,back_lawn_sw,005cb5,0,643,20.6,5.3,0x16,,,1 (filtered)
08:04:13,back_lawn_sw,005cb5,0,643,20.6,5.3,0x16,135,0x20,2 (unfiltered)
08:04:17,back_lawn_se,005995,96,1573,20.2,1027.3,0x26,26298,0x60,2 (unfiltered)
08:04:21,back_lawn_ne,005b45,92,1582,20.3,1027.1,0x26,26294,0x60,2 (unfiltered)
08:04:22,back_lawn_nw,0058ac,2,639,20.3,5.4,0x16,,,1 (filtered)
08:04:22,back_lawn_nw,0058ac,2,639,20.3,5.4,0x16,138,0x20,2 (unfiltered)
08:04:23,back_lawn_sw,005cb5,0,640,20.6,5.3,0x16,,,1 (filtered)
08:04:23,back_lawn_sw,005cb5,0,640,20.6,5.3,0x16,135,0x20,2 (unfiltered)
08:04:31,back_lawn_ne,005b45,92,1581,20.3,1027.1,0x26,26295,0x60,2 (unfiltered)
08:04:39,back_lawn_se,005995,96,1574,20.3,1017.2,0x26,26041,0x60,2 (unfiltered)
08:04:41,back_lawn_ne,005b45,92,1582,20.3,1027.1,0x26,26295,0x60,2 (unfiltered)
08:04:42,back_lawn_nw,0058ac,2,635,20.1,5.4,0x16,,,1 (filtered)
08:04:42,back_lawn_nw,0058ac,2,635,20.1,5.4,0x16,138,0x20,2 (unfiltered)
08:04:43,back_lawn_sw,005cb5,0,635,20.6,5.2,0x16,,,1 (filtered)
08:04:43,back_lawn_sw,005cb5,0,635,20.6,5.2,0x16,134,0x20,2 (unfiltered)
08:04:53,back_lawn_sw,005cb5,0,633,20.6,5.3,0x16,,,1 (filtered)
08:04:53,back_lawn_sw,005cb5,0,633,20.6,5.3,0x16,135,0x20,2 (unfiltered)
08:05:02,back_lawn_nw,0058ac,1,634,20.1,5.4,0x16,138,0x20,2 (unfiltered)
08:05:12,back_lawn_nw,0058ac,1,633,20.0,5.4,0x16,,,1 (filtered)
08:05:12,back_lawn_nw,0058ac,1,633,20.0,5.4,0x16,138,0x20,2 (unfiltered)
08:05:14,back_lawn_sw,005cb5,0,628,20.7,5.2,0x16,,,1 (filtered)
08:05:14,back_lawn_sw,005cb5,0,628,20.7,5.2,0x16,134,0x20,2 (unfiltered)
08:05:25,back_lawn_nw,0058ac,1,632,20.0,5.4,0x16,,,1 (filtered)
08:05:25,back_lawn_nw,0058ac,1,632,20.0,5.4,0x16,138,0x20,2 (unfiltered)
08:05:50,back_lawn_se,005995,96,1571,20.3,1017.2,0x26,26041,0x60,2 (unfiltered)
08:06:03,back_lawn_ne,005b45,92,1576,20.3,1017.1,0x26,26037,0x60,2 (unfiltered)
08:06:07,desk_spare,0070f4,0,583,24.4,5.0,0x16,127,0x20,2 (unfiltered)
08:06:25,back_lawn_sw,005cb5,0,619,20.8,5.3,0x16,,,1 (filtered)
08:06:25,back_lawn_sw,005cb5,0,619,20.8,5.3,0x16,135,0x20,2 (unfiltered)
08:06:38,back_lawn_nw,0058ac,1,628,20.0,5.4,0x16,,,1 (filtered)
08:06:38,back_lawn_nw,0058ac,1,628,20.0,5.4,0x16,139,0x20,2 (unfiltered)
08:07:01,back_lawn_se,005995,0,593,20.3,5.2,0x16,,,1 (filtered)
08:07:01,back_lawn_se,005995,0,593,20.3,5.2,0x16,132,0x20,2 (unfiltered)
08:07:11,back_lawn_se,005995,89,1503,20.1,1340.9,0x36,34327,0x50,2 (unfiltered)
08:07:14,back_lawn_ne,005b45,86,1512,20.3,1340.9,0x36,34327,0x50,2 (unfiltered)
08:07:21,back_lawn_se,005995,90,1507,20.1,1371.2,0x36,35104,0x50,2 (unfiltered)
08:07:31,back_lawn_se,005995,89,1506,20.1,1361.1,0x36,34845,0x50,2 (unfiltered)
08:07:36,back_lawn_sw,005cb5,0,615,20.8,5.2,0x16,,,1 (filtered)
08:07:36,back_lawn_sw,005cb5,0,615,20.8,5.2,0x16,134,0x20,2 (unfiltered)
08:07:51,back_lawn_nw,0058ac,1,625,20.0,5.6,0x16,,,1 (filtered)
08:07:51,back_lawn_nw,0058ac,1,625,20.0,5.6,0x16,144,0x20,2 (unfiltered)
08:07:51,back_lawn_se,005995,89,1505,20.3,1351.1,0x36,34589,0x50,2 (unfiltered)
08:08:48,back_lawn_sw,005cb5,0,614,20.9,5.2,0x16,,,1 (filtered)
08:08:48,back_lawn_sw,005cb5,0,614,20.9,5.2,0x16,134,0x20,2 (unfiltered)
08:09:04,back_lawn_nw,0058ac,0,622,19.9,15.7,0x16,,,1 (filtered)
08:09:04,back_lawn_nw,0058ac,0,622,19.9,15.7,0x16,401,0x20,2 (unfiltered)
08:09:24,back_lawn_se,005995,86,1473,20.4,1401.7,0x36,35884,0x50,2 (unfiltered)
08:09:37,back_lawn_ne,005b45,0,619,20.3,5.2,0x16,,,1 (filtered)
08:09:37,back_lawn_ne,005b45,0,619,20.3,5.2,0x16,132,0x20,2 (unfiltered)
08:09:47,back_lawn_ne,005b45,1,639,20.4,5.4,0x16,,,1 (filtered)
08:09:47,back_lawn_ne,005b45,1,639,20.4,5.4,0x16,137,0x20,2 (unfiltered)
08:09:57,back_lawn_ne,005b45,2,643,20.4,5.4,0x16,,,1 (filtered)
08:09:57,back_lawn_ne,005b45,2,643,20.4,5.4,0x16,137,0x20,2 (unfiltered)
08:09:59,back_lawn_sw,005cb5,90,1527,20.9,1432.2,0x36,36664,0x50,2 (unfiltered)
08:10:07,back_lawn_ne,005b45,2,646,20.6,5.4,0x16,,,1 (filtered)
08:10:07,back_lawn_ne,005b45,2,646,20.6,5.4,0x16,137,0x20,2 (unfiltered)
08:10:09,back_lawn_sw,005cb5,90,1528,20.9,1422.0,0x36,36404,0x50,2 (unfiltered)
08:10:17,back_lawn_ne,005b45,2,649,20.8,5.4,0x16,,,1 (filtered)
08:10:17,back_lawn_ne,005b45,2,649,20.8,5.4,0x16,137,0x20,2 (unfiltered)
08:10:17,back_lawn_nw,0058ac,85,1475,19.9,1360.9,0x36,34840,0x50,2 (unfiltered)
08:10:19,back_lawn_sw,005cb5,90,1529,20.8,1422.0,0x36,36403,0x50,2 (unfiltered)
08:10:27,back_lawn_ne,005b45,2,650,20.9,5.4,0x16,,,1 (filtered)
08:10:27,back_lawn_ne,005b45,2,650,20.9,5.4,0x16,137,0x20,2 (unfiltered)
08:10:27,back_lawn_nw,0058ac,85,1477,20.1,1350.9,0x36,34583,0x50,2 (unfiltered)
08:10:29,back_lawn_sw,005cb5,90,1530,20.7,1421.9,0x36,36401,0x50,2 (unfiltered)
08:10:37,back_lawn_ne,005b45,3,651,21.0,5.3,0x16,,,1 (filtered)
08:10:37,back_lawn_ne,005b45,3,651,21.0,5.3,0x16,136,0x20,2 (unfiltered)
08:10:39,back_lawn_sw,005cb5,90,1530,20.7,1411.9,0x36,36144,0x50,2 (unfiltered)
08:10:45,back_lawn_se,005995,0,596,19.9,5.2,0x16,132,0x20,2 (unfiltered)
08:10:47,back_lawn_nw,0058ac,85,1477,20.6,1330.9,0x36,34071,0x50,2 (unfiltered)
08:10:48,back_lawn_ne,005b45,3,651,21.1,5.4,0x16,137,0x20,2 (unfiltered)
08:10:49,back_lawn_sw,005cb5,90,1529,20.8,1401.8,0x36,35886,0x50,2 (unfiltered)
08:10:57,back_lawn_nw,0058ac,85,1477,20.6,1340.9,0x36,34328,0x50,2 (unfiltered)
08:10:59,back_lawn_sw,005cb5,90,1530,20.8,1401.8,0x36,35886,0x50,2 (unfiltered)
08:11:10,back_lawn_sw,005cb5,90,1530,20.8,1401.8,0x36,35885,0x50,2 (unfiltered)
08:11:15,back_lawn_se,005995,0,594,18.7,5.2,0x16,,,1 (filtered)
08:11:15,back_lawn_se,005995,0,594,18.7,5.2,0x16,132,0x20,2 (unfiltered)
08:11:30,back_lawn_nw,0058ac,85,1478,20.6,1340.9,0x36,34328,0x50,2 (unfiltered)
08:11:46,back_lawn_se,005995,0,592,18.3,5.2,0x16,,,1 (filtered)
08:11:46,back_lawn_se,005995,0,592,18.3,5.2,0x16,133,0x20,2 (unfiltered)
08:12:22,back_lawn_sw,005cb5,90,1528,20.8,1401.7,0x36,35884,0x50,2 (unfiltered)
08:12:43,back_lawn_nw,0058ac,85,1475,20.6,1351.1,0x36,34587,0x50,2 (unfiltered)
08:12:57,back_lawn_se,005995,0,590,18.2,5.2,0x16,,,1 (filtered)
08:12:57,back_lawn_se,005995,0,590,18.2,5.2,0x16,132,0x20,2 (unfiltered)
08:13:11,back_lawn_ne,005b45,2,641,21.2,5.4,0x16,,,1 (filtered)
08:13:11,back_lawn_ne,005b45,2,641,21.2,5.4,0x16,137,0x20,2 (unfiltered)
08:13:33,back_lawn_sw,005cb5,90,1528,20.8,1391.6,0x36,35626,0x50,2 (unfiltered)
08:13:56,back_lawn_nw,0058ac,85,1475,20.6,1361.2,0x36,34846,0x50,2 (unfiltered)
08:14:09,back_lawn_se,005995,0,588,18.2,5.2,0x16,,,1 (filtered)
08:14:09,back_lawn_se,005995,0,588,18.2,5.2,0x16,133,0x20,2 (unfiltered)
08:14:22,back_lawn_ne,005b45,1,636,21.3,15.4,0x16,,,1 (filtered)
08:14:22,back_lawn_ne,005b45,1,636,21.3,15.4,0x16,394,0x20,2 (unfiltered)
08:14:44,back_lawn_sw,005cb5,87,1495,20.8,1553.4,0x36,39768,0x50,2 (unfiltered)
08:15:09,back_lawn_nw,0058ac,78,1411,20.7,2008.1,0x36,51408,0x50,2 (unfiltered)
08:15:20,back_lawn_se,005995,0,587,18.2,5.2,0x16,,,1 (filtered)
08:15:20,back_lawn_se,005995,0,587,18.2,5.2,0x16,133,0x20,2 (unfiltered)
08:15:33,back_lawn_ne,005b45,1,633,21.4,5.4,0x16,,,1 (filtered)
08:15:33,back_lawn_ne,005b45,1,633,21.4,5.4,0x16,137,0x20,2 (unfiltered)
08:15:55,back_lawn_sw,005cb5,84,1472,20.8,1897.1,0x36,48566,0x50,2 (unfiltered)
08:16:22,back_lawn_nw,0058ac,78,1411,20.7,1987.9,0x36,50889,0x50,2 (unfiltered)
08:16:31,back_lawn_se,005995,0,586,18.2,5.2,0x16,,,1 (filtered)
08:16:31,back_lawn_se,005995,0,586,18.2,5.2,0x16,133,0x20,2 (unfiltered)
08:16:44,back_lawn_ne,005b45,0,629,21.4,15.4,0x16,,,1 (filtered)
08:16:44,back_lawn_ne,005b45,0,629,21.4,15.4,0x16,394,0x20,2 (unfiltered)
08:17:35,back_lawn_nw,0058ac,78,1411,20.8,1977.8,0x36,50632,0x50,2 (unfiltered)
08:17:42,back_lawn_se,005995,0,585,18.3,5.2,0x16,,,1 (filtered)
08:17:42,back_lawn_se,005995,0,585,18.3,5.2,0x16,133,0x20,2 (unfiltered)
08:18:18,back_lawn_sw,005cb5,84,1471,20.9,1897.1,0x36,48567,0x50,2 (unfiltered)
08:18:48,back_lawn_nw,0058ac,1,626,20.8,46.0,0x16,,,1 (filtered)
08:18:48,back_lawn_nw,0058ac,1,626,20.8,46.0,0x16,1177,0x20,2 (unfiltered)
08:18:54,back_lawn_se,005995,84,1452,18.5,2027.6,0x36,51907,0x50,2 (unfiltered)
08:18:58,back_lawn_nw,0058ac,0,622,20.9,46.1,0x16,1179,0x20,2 (unfiltered)
08:19:04,back_lawn_se,005995,84,1453,19.2,1997.6,0x36,51138,0x50,2 (unfiltered)
08:19:07,back_lawn_ne,005b45,80,1457,21.3,1917.5,0x36,49089,0x50,2 (unfiltered)
08:19:08,back_lawn_nw,0058ac,0,620,20.9,46.1,0x16,,,1 (filtered)
08:19:08,back_lawn_nw,0058ac,0,620,20.9,46.1,0x16,1180,0x20,2 (unfiltered)
08:19:14,back_lawn_se,005995,84,1454,20.0,1957.5,0x36,50113,0x50,2 (unfiltered)
08:19:17,back_lawn_ne,005b45,81,1459,21.1,1917.5,0x36,49088,0x50,2 (unfiltered)
08:19:18,back_lawn_nw,0058ac,0,618,20.9,56.1,0x16,,,1 (filtered)
08:19:18,back_lawn_nw,0058ac,0,618,20.9,56.1,0x16,1437,0x20,2 (unfiltered)
08:19:24,back_lawn_se,005995,84,1454,20.7,1937.5,0x36,49601,0x50,2 (unfiltered)
08:19:27,back_lawn_ne,005b45,81,1460,20.9,1927.5,0x36,49344,0x50,2 (unfiltered)
08:19:28,back_lawn_nw,0058ac,0,617,20.8,56.1,0x16,,,1 (filtered)
08:19:28,back_lawn_nw,0058ac,0,617,20.8,56.1,0x16,1437,0x20,2 (unfiltered)
08:19:29,back_lawn_sw,005cb5,0,640,20.8,5.4,0x16,137,0x20,2 (unfiltered)
08:19:38,back_lawn_nw,0058ac,0,615,20.8,56.2,0x16,,,1 (filtered)
08:19:38,back_lawn_nw,0058ac,0,615,20.8,56.2,0x16,1438,0x20,2 (unfiltered)
08:19:39,back_lawn_sw,005cb5,0,637,20.8,5.4,0x16,,,1 (filtered)
08:19:39,back_lawn_sw,005cb5,0,637,20.8,5.4,0x16,137,0x20,2 (unfiltered)
08:19:48,back_lawn_nw,0058ac,0,614,20.8,56.2,0x16,,,1 (filtered)
08:19:48,back_lawn_nw,0058ac,0,614,20.8,56.2,0x16,1438,0x20,2 (unfiltered)
08:19:49,back_lawn_sw,005cb5,0,635,20.6,5.3,0x16,136,0x20,2 (unfiltered)
08:19:59,back_lawn_sw,005cb5,0,634,20.3,5.4,0x16,,,1 (filtered)
08:19:59,back_lawn_sw,005cb5,0,634,20.3,5.4,0x16,137,0x20,2 (unfiltered)
08:20:01,back_lawn_nw,0058ac,0,612,20.7,66.2,0x16,,,1 (filtered)
08:20:01,back_lawn_nw,0058ac,0,612,20.7,66.2,0x16,1695,0x20,2 (unfiltered)
08:20:09,back_lawn_sw,005cb5,0,632,20.2,5.4,0x16,,,1 (filtered)
08:20:09,back_lawn_sw,005cb5,0,632,20.2,5.4,0x16,139,0x20,2 (unfiltered)
08:20:19,back_lawn_sw,005cb5,0,631,20.2,5.4,0x16,,,1 (filtered)
08:20:19,back_lawn_sw,005cb5,0,631,20.2,5.4,0x16,137,0x20,2 (unfiltered)
08:20:29,back_lawn_sw,005cb5,0,630,20.1,5.4,0x16,,,1 (filtered)
08:20:29,back_lawn_sw,005cb5,0,630,20.1,5.4,0x16,137,0x20,2 (unfiltered)
08:20:40,back_lawn_sw,005cb5,0,628,20.1,5.3,0x16,136,0x20,2 (unfiltered)
08:21:14,back_lawn_nw,0058ac,0,607,20.6,66.2,0x16,,,1 (filtered)
08:21:14,back_lawn_nw,0058ac,0,607,20.6,66.2,0x16,1695,0x20,2 (unfiltered)
08:21:16,back_lawn_se,005995,84,1451,20.8,1927.5,0x36,49345,0x50,2 (unfiltered)
08:21:29,back_lawn_ne,005b45,80,1457,20.8,1927.5,0x36,49344,0x50,2 (unfiltered)
08:21:52,back_lawn_sw,005cb5,0,621,20.0,5.4,0x16,,,1 (filtered)
08:21:52,back_lawn_sw,005cb5,0,621,20.0,5.4,0x16,137,0x20,2 (unfiltered)
08:22:27,back_lawn_nw,0058ac,0,605,20.5,66.3,0x16,,,1 (filtered)
08:22:27,back_lawn_nw,0058ac,0,605,20.5,66.3,0x16,1697,0x20,2 (unfiltered)
08:22:27,back_lawn_se,005995,80,1406,20.8,2534.1,0x46,64873,0x50,2 (unfiltered)
08:23:03,back_lawn_sw,005cb5,0,613,20.0,5.3,0x16,,,1 (filtered)
08:23:03,back_lawn_sw,005cb5,0,613,20.0,5.3,0x16,136,0x20,2 (unfiltered)
08:23:40,back_lawn_nw,0058ac,0,603,20.5,66.3,0x16,,,1 (filtered)
08:23:40,back_lawn_nw,0058ac,0,603,20.5,66.3,0x16,1697,0x20,2 (unfiltered)
08:24:14,back_lawn_sw,005cb5,0,612,20.0,5.3,0x16,,,1 (filtered)
08:24:14,back_lawn_sw,005cb5,0,612,20.0,5.3,0x16,136,0x20,2 (unfiltered)
08:24:50,back_lawn_se,005995,80,1406,20.9,2544.2,0x46,65132,0x50,2 (unfiltered)
08:24:53,back_lawn_nw,0058ac,0,601,20.5,76.3,0x16,,,1 (filtered)
08:24:53,back_lawn_nw,0058ac,0,601,20.5,76.3,0x16,1954,0x20,2 (unfiltered)
08:25:03,back_lawn_ne,005b45,0,618,20.9,5.3,0x16,,,1 (filtered)
08:25:03,back_lawn_ne,005b45,0,618,20.9,5.3,0x16,136,0x20,2 (unfiltered)
08:25:13,back_lawn_ne,005b45,77,1422,20.9,2534.1,0x46,64872,0x50,2 (unfiltered)
08:25:23,back_lawn_ne,005b45,77,1421,20.9,2524.0,0x46,64615,0x50,2 (unfiltered)
08:25:25,back_lawn_sw,005cb5,0,612,20.0,5.3,0x16,135,0x20,2 (unfiltered)
08:25:33,back_lawn_ne,005b45,77,1421,20.9,2534.1,0x46,64872,0x50,2 (unfiltered)
08:25:53,back_lawn_ne,005b45,4,667,20.9,146.9,0x16,,,1 (filtered)
08:25:53,back_lawn_ne,005b45,4,667,20.9,146.9,0x16,3761,0x20,2 (unfiltered)
08:26:01,back_lawn_se,005995,0,606,20.9,5.6,0x16,,,1 (filtered)
08:26:01,back_lawn_se,005995,0,606,20.9,5.6,0x16,144,0x20,2 (unfiltered)
08:26:03,back_lawn_ne,005b45,3,657,21.0,157.1,0x16,4022,0x20,2 (unfiltered)
08:26:06,back_lawn_nw,0058ac,77,1393,20.4,2614.3,0x46,66927,0x51,2 (unfiltered)
08:26:11,back_lawn_se,005995,0,600,20.9,5.6,0x16,,,1 (filtered)
08:26:11,back_lawn_se,005995,0,600,20.9,5.6,0x16,143,0x20,2 (unfiltered)
08:26:14,back_lawn_ne,005b45,2,650,21.1,167.2,0x16,4280,0x20,2 (unfiltered)
08:26:16,back_lawn_nw,0058ac,77,1393,20.7,2594.3,0x46,66413,0x51,2 (unfiltered)
08:26:21,back_lawn_se,005995,0,598,20.9,5.6,0x16,,,1 (filtered)
08:26:21,back_lawn_se,005995,0,598,20.9,5.6,0x16,143,0x20,2 (unfiltered)
08:26:26,back_lawn_nw,0058ac,77,1393,20.9,2584.3,0x46,66157,0x51,2 (unfiltered)
08:26:31,back_lawn_se,005995,0,596,20.9,5.6,0x16,144,0x20,2 (unfiltered)
08:26:36,back_lawn_nw,0058ac,77,1393,21.1,2574.3,0x46,65901,0x51,2 (unfiltered)
08:26:41,back_lawn_se,005995,0,595,20.9,5.6,0x16,,,1 (filtered)
08:26:41,back_lawn_se,005995,0,595,20.9,5.6,0x16,144,0x20,2 (unfiltered)
08:26:46,back_lawn_sw,005cb5,81,1442,20.5,2533.7,0x46,64863,0x50,2 (unfiltered)
08:26:51,back_lawn_se,005995,0,594,20.9,5.6,0x16,144,0x20,2 (unfiltered)
08:27:01,back_lawn_se,005995,0,592,20.9,15.7,0x16,401,0x20,2 (unfiltered)
08:27:06,back_lawn_nw,0058ac,77,1393,21.1,2574.3,0x46,65902,0x51,2 (unfiltered)
08:27:07,back_lawn_sw,005cb5,81,1442,21.3,2493.7,0x46,63838,0x50,2 (unfiltered)
08:27:12,back_lawn_se,005995,0,590,20.9,25.8,0x16,660,0x20,2 (unfiltered)
08:27:16,back_lawn_sw,005cb5,81,1443,21.3,2493.7,0x46,63838,0x50,2 (unfiltered)
08:27:26,back_lawn_ne,005b45,1,633,21.2,177.3,0x16,4538,0x20,2 (unfiltered)
08:28:24,back_lawn_se,005995,0,581,20.8,15.7,0x16,402,0x20,2 (unfiltered)
08:28:32,back_lawn_nw,0058ac,3,645,21.1,4.9,0x16,,,1 (filtered)
08:28:32,back_lawn_nw,0058ac,3,645,21.1,4.9,0x16,125,0x20,2 (unfiltered)
08:28:37,back_lawn_ne,005b45,0,626,21.5,147.0,0x16,,,1 (filtered)
08:28:37,back_lawn_ne,005b45,0,626,21.5,147.0,0x16,3762,0x20,2 (unfiltered)
08:28:42,back_lawn_nw,0058ac,71,1341,21.1,2826.9,0x46,72369,0x51,2 (unfiltered)
08:28:52,back_lawn_nw,0058ac,74,1369,21.1,2978.5,0x46,76249,0x51,2 (unfiltered)
08:28:59,back_lawn_sw,005cb5,79,1422,21.3,2827.2,0x46,72376,0x51,2 (unfiltered)
08:29:02,back_lawn_nw,0058ac,74,1369,21.1,2968.4,0x46,75992,0x51,2 (unfiltered)
08:29:22,back_lawn_nw,0058ac,74,1368,21.2,2968.4,0x46,75991,0x51,2 (unfiltered)
08:29:35,back_lawn_se,005995,0,578,20.8,15.7,0x16,,,1 (filtered)
08:29:35,back_lawn_se,005995,0,578,20.8,15.7,0x16,403,0x20,2 (unfiltered)
08:29:48,back_lawn_ne,005b45,0,593,21.8,5.2,0x16,,,1 (filtered)
08:29:48,back_lawn_ne,005b45,0,593,21.8,5.2,0x16,133,0x20,2 (unfiltered)
08:30:10,back_lawn_sw,005cb5,79,1422,21.3,2958.6,0x46,75739,0x51,2 (unfiltered)
08:30:46,back_lawn_se,005995,77,1382,20.7,2968.6,0x46,75996,0x51,2 (unfiltered)
08:30:56,back_lawn_se,005995,77,1382,20.8,2948.4,0x46,75480,0x51,2 (unfiltered)
08:30:58,back_lawn_nw,0058ac,75,1375,21.2,2917.9,0x46,74699,0x51,2 (unfiltered)
08:30:59,back_lawn_ne,005b45,74,1394,21.8,2939.0,0x46,75238,0x51,2 (unfiltered)
08:31:06,back_lawn_se,005995,77,1383,20.9,2938.4,0x46,75224,0x51,2 (unfiltered)
08:31:09,back_lawn_ne,005b45,75,1396,21.7,2928.9,0x46,74979,0x51,2 (unfiltered)
08:31:19,back_lawn_ne,005b45,75,1396,21.4,2948.8,0x46,75490,0x51,2 (unfiltered)
08:31:26,back_lawn_se,005995,77,1383,21.1,2918.4,0x46,74711,0x51,2 (unfiltered)
08:31:29,back_lawn_ne,005b45,75,1396,21.1,2968.8,0x46,76002,0x51,2 (unfiltered)
08:31:46,back_lawn_se,005995,77,1383,21.1,2918.4,0x46,74710,0x51,2 (unfiltered)
08:32:11,back_lawn_nw,0058ac,75,1375,21.3,2907.9,0x46,74442,0x51,2 (unfiltered)
08:32:33,back_lawn_sw,005cb5,79,1422,21.4,2948.6,0x46,75483,0x51,2 (unfiltered)
08:33:09,back_lawn_se,005995,0,596,21.1,5.3,0x16,135,0x20,2 (unfiltered)
08:33:19,back_lawn_se,005995,0,593,21.1,5.3,0x16,136,0x20,2 (unfiltered)
08:33:22,back_lawn_ne,005b45,0,604,21.1,5.3,0x16,,,1 (filtered)
08:33:22,back_lawn_ne,005b45,0,604,21.1,5.3,0x16,136,0x20,2 (unfiltered)
08:33:24,back_lawn_nw,0058ac,0,591,21.3,5.0,0x16,,,1 (filtered)
08:33:24,back_lawn_nw,0058ac,0,591,21.3,5.0,0x16,127,0x20,2 (unfiltered)
08:33:29,back_lawn_se,005995,0,591,21.1,5.3,0x16,,,1 (filtered)
08:33:29,back_lawn_se,005995,0,591,21.1,5.3,0x16,136,0x20,2 (unfiltered)
08:33:32,back_lawn_ne,005b45,0,600,21.2,5.3,0x16,,,1 (filtered)
08:33:32,back_lawn_ne,005b45,0,600,21.2,5.3,0x16,136,0x20,2 (unfiltered)
08:33:34,back_lawn_nw,0058ac,0,588,21.2,4.9,0x16,,,1 (filtered)
08:33:34,back_lawn_nw,0058ac,0,588,21.2,4.9,0x16,126,0x20,2 (unfiltered)
08:33:39,back_lawn_se,005995,0,589,21.1,5.4,0x16,,,1 (filtered)
08:33:39,back_lawn_se,005995,0,589,21.1,5.4,0x16,137,0x20,2 (unfiltered)
08:33:42,back_lawn_ne,005b45,0,597,21.3,5.3,0x16,,,1 (filtered)
08:33:42,back_lawn_ne,005b45,0,597,21.3,5.3,0x16,135,0x20,2 (unfiltered)
08:33:49,back_lawn_se,005995,0,586,21.0,5.3,0x16,136,0x20,2 (unfiltered)
08:33:52,back_lawn_ne,005b45,68,1327,21.3,6040.4,0x86,154634,0x52,2 (unfiltered)
08:33:54,back_lawn_nw,0058ac,0,585,21.1,4.9,0x16,,,1 (filtered)
08:33:54,back_lawn_nw,0058ac,0,585,21.1,4.9,0x16,125,0x20,2 (unfiltered)
08:33:54,back_lawn_sw,005cb5,8,716,21.5,157.4,0x16,,,1 (filtered)
08:33:54,back_lawn_sw,005cb5,8,716,21.5,157.4,0x16,4029,0x20,2 (unfiltered)
08:33:59,back_lawn_se,005995,0,584,21.0,5.4,0x16,137,0x20,2 (unfiltered)
08:34:02,back_lawn_ne,005b45,74,1386,21.3,4859.6,0x66,124405,0x51,2 (unfiltered)
08:34:04,back_lawn_nw,0058ac,74,1372,21.0,4989.6,0x66,127734,0x51,2 (unfiltered)
08:34:04,back_lawn_sw,005cb5,0,635,21.7,5.5,0x16,140,0x20,2 (unfiltered)
08:34:09,back_lawn_se,005995,75,1362,21.0,5132.2,0x76,131385,0x52,2 (unfiltered)
08:34:12,back_lawn_ne,005b45,74,1390,21.3,4869.7,0x66,124665,0x51,2 (unfiltered)
08:34:20,back_lawn_se,005995,75,1361,21.0,5081.7,0x76,130092,0x51,2 (unfiltered)
08:34:22,back_lawn_ne,005b45,74,1390,21.2,4869.6,0x66,124662,0x51,2 (unfiltered)
08:34:24,back_lawn_nw,0058ac,74,1365,21.2,4929.1,0x66,126186,0x51,2 (unfiltered)
08:34:24,back_lawn_sw,005cb5,79,1417,21.7,4808.8,0x66,123104,0x51,2 (unfiltered)
08:34:33,back_lawn_ne,005b45,74,1390,21.2,4869.6,0x66,124661,0x51,2 (unfiltered)
08:34:34,back_lawn_sw,005cb5,79,1418,21.6,4808.7,0x66,123103,0x51,2 (unfiltered)
08:34:37,back_lawn_nw,0058ac,74,1364,21.3,4919.1,0x66,125930,0x51,2 (unfiltered)
08:34:44,back_lawn_sw,005cb5,79,1418,21.5,4818.7,0x66,123359,0x51,2 (unfiltered)
08:35:31,back_lawn_se,005995,75,1360,21.1,5071.7,0x76,129836,0x51,2 (unfiltered)
08:35:44,back_lawn_ne,005b45,74,1389,21.2,4859.5,0x66,124403,0x51,2 (unfiltered)
08:35:50,back_lawn_nw,0058ac,74,1364,21.4,4899.0,0x66,125415,0x51,2 (unfiltered)
08:36:07,back_lawn_sw,005cb5,79,1417,21.5,4818.7,0x66,123359,0x51,2 (unfiltered)
08:36:42,back_lawn_se,005995,75,1360,21.2,5061.6,0x76,129578,0x51,2 (unfiltered)
08:36:56,back_lawn_ne,005b45,74,1389,21.3,4859.6,0x66,124405,0x51,2 (unfiltered)
08:37:03,back_lawn_nw,0058ac,74,1364,21.4,4909.1,0x66,125673,0x51,2 (unfiltered)
08:37:54,back_lawn_se,005995,0,590,21.2,5.5,0x16,141,0x20,2 (unfiltered)
08:38:04,back_lawn_se,005995,0,589,21.2,5.5,0x16,142,0x20,2 (unfiltered)
08:38:07,back_lawn_ne,005b45,0,612,21.3,5.3,0x16,,,1 (filtered)
08:38:07,back_lawn_ne,005b45,0,612,21.3,5.3,0x16,135,0x20,2 (unfiltered)
08:38:14,back_lawn_se,005995,0,591,21.2,5.5,0x16,141,0x20,2 (unfiltered)
08:38:16,back_lawn_nw,0058ac,0,606,21.5,4.9,0x16,,,1 (filtered)
08:38:16,back_lawn_nw,0058ac,0,606,21.5,4.9,0x16,125,0x20,2 (unfiltered)
08:38:17,back_lawn_ne,005b45,0,612,21.1,15.4,0x16,394,0x20,2 (unfiltered)
08:38:24,back_lawn_se,005995,0,592,21.1,5.5,0x16,141,0x20,2 (unfiltered)
08:38:26,back_lawn_nw,0058ac,0,606,21.5,4.9,0x16,126,0x20,2 (unfiltered)
08:38:29,back_lawn_sw,005cb5,0,620,21.6,5.3,0x16,,,1 (filtered)
08:38:29,back_lawn_sw,005cb5,0,620,21.6,5.3,0x16,136,0x20,2 (unfiltered)
08:38:34,back_lawn_se,005995,0,589,21.1,5.4,0x16,139,0x20,2 (unfiltered)
08:38:36,back_lawn_nw,0058ac,0,609,21.5,4.9,0x16,,,1 (filtered)
08:38:36,back_lawn_nw,0058ac,0,609,21.5,4.9,0x16,125,0x20,2 (unfiltered)
08:38:37,back_lawn_ne,005b45,0,616,20.4,5.0,0x16,,,1 (filtered)
08:38:37,back_lawn_ne,005b45,0,616,20.4,5.0,0x16,128,0x20,2 (unfiltered)
08:38:39,back_lawn_sw,005cb5,72,1353,21.7,4252.9,0x66,108873,0x51,2 (unfiltered)
08:38:44,back_lawn_se,005995,75,1363,21.1,4384.2,0x66,112235,0x51,2 (unfiltered)
08:38:47,back_lawn_ne,005b45,73,1381,20.4,4120.9,0x66,105494,0x51,2 (unfiltered)
08:38:49,back_lawn_sw,005cb5,79,1418,21.8,4030.6,0x66,103183,0x51,2 (unfiltered)
08:38:54,back_lawn_se,005995,75,1363,21.2,4445.0,0x66,113792,0x51,2 (unfiltered)
08:38:56,back_lawn_nw,0058ac,72,1350,21.5,4515.1,0x66,115587,0x51,2 (unfiltered)
08:38:57,back_lawn_ne,005b45,73,1380,20.4,4161.2,0x66,106528,0x51,2 (unfiltered)
08:38:59,back_lawn_sw,005cb5,79,1417,21.8,4050.8,0x66,103701,0x51,2 (unfiltered)
08:39:05,back_lawn_se,005995,75,1363,21.3,4435.0,0x66,113535,0x51,2 (unfiltered)
08:39:06,back_lawn_nw,0058ac,72,1350,21.6,4495.0,0x66,115072,0x51,2 (unfiltered)
08:39:07,back_lawn_ne,005b45,73,1380,20.8,4121.2,0x66,105502,0x51,2 (unfiltered)
08:39:16,back_lawn_nw,0058ac,72,1350,21.6,4505.0,0x66,115329,0x51,2 (unfiltered)
08:39:18,back_lawn_ne,005b45,73,1380,21.2,4081.2,0x66,104478,0x51,2 (unfiltered)
08:39:29,back_lawn_nw,0058ac,72,1350,21.7,4485.0,0x66,114816,0x51,2 (unfiltered)
08:40:16,back_lawn_se,005995,75,1362,21.5,4414.9,0x66,113021,0x51,2 (unfiltered)
08:40:26,desk_spare,0070f4,0,584,24.6,5.0,0x16,,,1 (filtered)
08:40:26,desk_spare,0070f4,0,584,24.6,5.0,0x16,128,0x20,2 (unfiltered)
08:40:29,back_lawn_ne,005b45,73,1379,21.5,4061.1,0x66,103965,0x51,2 (unfiltered)
08:40:42,back_lawn_nw,0058ac,72,1350,21.7,4484.9,0x66,114814,0x51,2 (unfiltered)
08:40:51,back_lawn_sw,005cb5,79,1417,21.9,4050.9,0x66,103702,0x51,2 (unfiltered)
08:41:27,back_lawn_se,005995,0,597,21.6,5.3,0x16,,,1 (filtered)
08:41:27,back_lawn_se,005995,0,597,21.6,5.3,0x16,136,0x20,2 (unfiltered)
08:41:37,back_lawn_se,005995,0,596,21.7,5.4,0x16,139,0x20,2 (unfiltered)
08:41:37,desk_spare,0070f4,0,1168,89.4,10.0,0x2c,256,0x40,2 (unfiltered)
08:41:41,back_lawn_ne,005b45,3,655,21.5,5.3,0x16,136,0x20,2 (unfiltered)
08:41:47,back_lawn_se,005995,0,600,21.7,5.3,0x16,136,0x20,2 (unfiltered)
08:41:51,back_lawn_ne,005b45,74,1390,21.5,3161.3,0x56,80930,0x51,2 (unfiltered)
08:41:55,back_lawn_nw,0058ac,75,1373,21.7,3181.1,0x56,81436,0x51,2 (unfiltered)
08:41:57,back_lawn_se,005995,74,1348,21.8,3576.0,0x56,91546,0x51,2 (unfiltered)
08:42:01,back_lawn_ne,005b45,74,1391,21.6,3242.3,0x56,83002,0x51,2 (unfiltered)
08:42:07,back_lawn_se,005995,73,1341,21.8,3292.9,0x56,84299,0x51,2 (unfiltered)
08:42:11,back_lawn_ne,005b45,74,1395,21.6,3131.1,0x56,80156,0x51,2 (unfiltered)
08:42:17,back_lawn_se,005995,73,1340,21.8,3292.9,0x56,84299,0x51,2 (unfiltered)
08:42:27,back_lawn_se,005995,73,1340,21.8,3292.9,0x56,84298,0x51,2 (unfiltered)
08:42:31,back_lawn_ne,005b45,74,1395,21.8,3121.1,0x56,79900,0x51,2 (unfiltered)
08:42:39,back_lawn_se,005995,73,1340,21.8,3282.9,0x56,84041,0x51,2 (unfiltered)
08:42:41,back_lawn_ne,005b45,74,1394,21.8,3121.1,0x56,79900,0x51,2 (unfiltered)
08:42:48,desk_spare,0070f4,0,584,24.7,5.0,0x16,129,0x20,2 (unfiltered)
08:43:08,back_lawn_nw,0058ac,72,1351,21.8,3322.7,0x56,85060,0x51,2 (unfiltered)
08:43:14,back_lawn_sw,005cb5,80,1428,22.0,3110.8,0x56,79636,0x51,2 (unfiltered)
08:43:50,back_lawn_se,005995,73,1338,21.8,3282.8,0x56,84040,0x51,2 (unfiltered)
08:44:03,back_lawn_ne,005b45,74,1393,21.8,3131.2,0x56,80158,0x51,2 (unfiltered)
08:44:21,back_lawn_nw,0058ac,72,1351,21.9,3312.7,0x56,84804,0x51,2 (unfiltered)
08:45:01,back_lawn_se,005995,73,1337,21.8,3282.8,0x56,84040,0x51,2 (unfiltered)
08:45:14,back_lawn_ne,005b45,74,1394,21.8,3121.1,0x56,79899,0x51,2 (unfiltered)
08:45:34,back_lawn_nw,0058ac,75,1373,22.0,3252.0,0x56,83252,0x51,2 (unfiltered)
08:45:36,back_lawn_sw,005cb5,57,1203,22.0,3363.4,0x56,86104,0x41,2 (unfiltered)
08:45:47,back_lawn_sw,005cb5,57,1202,22.1,3353.4,0x56,85848,0x41,2 (unfiltered)
08:46:12,back_lawn_se,005995,77,1383,21.8,3161.5,0x56,80935,0x51,2 (unfiltered)
08:46:17,back_lawn_sw,005cb5,57,1204,22.1,3353.4,0x56,85848,0x41,2 (unfiltered)
08:46:26,back_lawn_ne,005b45,74,1390,21.8,3111.0,0x56,79641,0x51,2 (unfiltered)
08:46:47,back_lawn_nw,0058ac,74,1372,22.0,3252.0,0x56,83252,0x51,2 (unfiltered)
08:46:48,back_lawn_sw,005cb5,57,1201,22.1,3353.4,0x56,85848,0x41,2 (unfiltered)
08:47:24,back_lawn_se,005995,77,1382,21.8,3161.6,0x56,80936,0x51,2 (unfiltered)
08:47:59,back_lawn_sw,005cb5,57,1200,22.2,3353.5,0x56,85849,0x41,2 (unfiltered)
08:48:48,back_lawn_ne,005b45,74,1390,21.9,3111.0,0x56,79642,0x51,2 (unfiltered)
08:49:10,back_lawn_sw,005cb5,56,1197,22.2,3353.5,0x56,85849,0x41,2 (unfiltered)
08:49:13,back_lawn_nw,0058ac,75,1373,22.1,3242.0,0x56,82995,0x51,2 (unfiltered)
08:49:59,back_lawn_ne,005b45,74,1390,22.0,3101.0,0x56,79386,0x51,2 (unfiltered)
08:50:22,back_lawn_sw,005cb5,55,1185,22.2,3343.4,0x56,85590,0x41,2 (unfiltered)
08:50:57,back_lawn_se,005995,10,708,22.0,5.2,0x16,,,1 (filtered)
08:50:57,back_lawn_se,005995,10,708,22.0,5.2,0x16,133,0x20,2 (unfiltered)
08:51:07,back_lawn_se,005995,5,662,23.4,5.2,0x16,,,1 (filtered)
08:51:07,back_lawn_se,005995,5,662,23.4,5.2,0x16,132,0x20,2 (unfiltered)
08:51:11,back_lawn_ne,005b45,8,711,22.0,5.1,0x16,,,1 (filtered)
08:51:11,back_lawn_ne,005b45,8,711,22.0,5.1,0x16,131,0x20,2 (unfiltered)
08:51:17,back_lawn_se,005995,4,652,24.6,5.2,0x16,,,1 (filtered)
08:51:17,back_lawn_se,005995,4,652,24.6,5.2,0x16,133,0x20,2 (unfiltered)
08:51:21,back_lawn_ne,005b45,8,706,23.5,5.1,0x16,,,1 (filtered)
08:51:21,back_lawn_ne,005b45,8,706,23.5,5.1,0x16,131,0x20,2 (unfiltered)
08:51:27,back_lawn_se,005995,4,649,25.5,5.2,0x16,132,0x20,2 (unfiltered)
08:51:31,back_lawn_ne,005b45,7,694,24.6,5.1,0x16,,,1 (filtered)
08:51:31,back_lawn_ne,005b45,7,694,24.6,5.1,0x16,131,0x20,2 (unfiltered)
08:51:33,back_lawn_sw,005cb5,9,728,22.2,5.2,0x16,,,1 (filtered)
08:51:33,back_lawn_sw,005cb5,9,728,22.2,5.2,0x16,133,0x20,2 (unfiltered)
08:51:37,back_lawn_se,005995,4,648,25.5,5.2,0x16,,,1 (filtered)
08:51:37,back_lawn_se,005995,4,648,25.5,5.2,0x16,134,0x20,2 (unfiltered)
08:51:39,back_lawn_nw,0058ac,4,656,22.1,5.0,0x16,,,1 (filtered)
08:51:39,back_lawn_nw,0058ac,4,656,22.1,5.0,0x16,127,0x20,2 (unfiltered)
08:51:41,back_lawn_ne,005b45,6,684,25.3,5.2,0x16,,,1 (filtered)
08:51:41,back_lawn_ne,005b45,6,684,25.3,5.2,0x16,132,0x20,2 (unfiltered)
08:51:43,back_lawn_sw,005cb5,11,745,23.3,157.4,0x16,,,1 (filtered)
08:51:43,back_lawn_sw,005cb5,11,745,23.3,157.4,0x16,4030,0x20,2 (unfiltered)
08:51:47,back_lawn_se,005995,4,646,25.2,5.2,0x16,,,1 (filtered)
08:51:47,back_lawn_se,005995,4,646,25.2,5.2,0x16,133,0x20,2 (unfiltered)
08:51:49,back_lawn_nw,0058ac,2,640,23.1,4.8,0x16,,,1 (filtered)
08:51:49,back_lawn_nw,0058ac,2,640,23.1,4.8,0x16,122,0x20,2 (unfiltered)
08:51:51,back_lawn_ne,005b45,5,675,25.3,5.2,0x16,,,1 (filtered)
08:51:51,back_lawn_ne,005b45,5,675,25.3,5.2,0x16,132,0x20,2 (unfiltered)
08:51:53,back_lawn_sw,005cb5,10,742,24.5,147.3,0x16,,,1 (filtered)
08:51:53,back_lawn_sw,005cb5,10,742,24.5,147.3,0x16,3771,0x20,2 (unfiltered)
08:51:57,back_lawn_se,005995,4,645,24.9,5.2,0x16,,,1 (filtered)
08:51:57,back_lawn_se,005995,4,645,24.9,5.2,0x16,133,0x20,2 (unfiltered)
08:51:59,back_lawn_nw,0058ac,2,637,24.0,4.8,0x16,,,1 (filtered)
08:51:59,back_lawn_nw,0058ac,2,637,24.0,4.8,0x16,122,0x20,2 (unfiltered)
08:52:01,back_lawn_ne,005b45,5,671,24.7,4.7,0x16,,,1 (filtered)
08:52:01,back_lawn_ne,005b45,5,671,24.7,4.7,0x16,120,0x20,2 (unfiltered)
08:52:03,back_lawn_sw,005cb5,10,738,25.5,137.3,0x16,,,1 (filtered)
08:52:03,back_lawn_sw,005cb5,10,738,25.5,137.3,0x16,3514,0x20,2 (unfiltered)
08:52:09,back_lawn_nw,0058ac,1,634,24.6,4.8,0x16,122,0x20,2 (unfiltered)
08:52:09,back_lawn_se,005995,4,644,24.6,5.2,0x16,,,1 (filtered)
08:52:09,back_lawn_se,005995,4,644,24.6,5.2,0x16,133,0x20,2 (unfiltered)
08:52:11,back_lawn_ne,005b45,4,668,24.3,5.2,0x16,,,1 (filtered)
08:52:11,back_lawn_ne,005b45,4,668,24.3,5.2,0x16,132,0x20,2 (unfiltered)
08:52:13,back_lawn_sw,005cb5,10,735,25.5,137.2,0x16,,,1 (filtered)
08:52:13,back_lawn_sw,005cb5,10,735,25.5,137.2,0x16,3512,0x20,2 (unfiltered)
08:52:16,desk_spare,0070f4,0,585,24.9,5.0,0x16,,,1 (filtered)
08:52:16,desk_spare,0070f4,0,585,24.9,5.0,0x16,128,0x20,2 (unfiltered)
08:52:19,back_lawn_nw,0058ac,1,632,24.6,4.8,0x16,122,0x20,2 (unfiltered)
08:52:23,back_lawn_sw,005cb5,9,732,25.5,127.1,0x16,,,1 (filtered)
08:52:23,back_lawn_sw,005cb5,9,732,25.5,127.1,0x16,3255,0x20,2 (unfiltered)
08:52:29,back_lawn_nw,0058ac,0,614,24.3,4.8,0x16,122,0x20,2 (unfiltered)
08:52:33,back_lawn_sw,005cb5,0,641,25.4,5.2,0x16,,,1 (filtered)
08:52:33,back_lawn_sw,005cb5,0,641,25.4,5.2,0x16,134,0x20,2 (unfiltered)
08:52:39,back_lawn_nw,0058ac,1,629,24.3,4.8,0x16,,,1 (filtered)
08:52:39,back_lawn_nw,0058ac,1,629,24.3,4.8,0x16,122,0x20,2 (unfiltered)
08:52:44,back_lawn_sw,005cb5,4,675,25.4,5.2,0x16,133,0x20,2 (unfiltered)
08:52:52,back_lawn_nw,0058ac,0,608,25.5,4.8,0x16,,,1 (filtered)
08:52:52,back_lawn_nw,0058ac,0,608,25.5,4.8,0x16,122,0x20,2 (unfiltered)
08:53:20,back_lawn_se,005995,3,640,24.6,5.4,0x16,,,1 (filtered)
08:53:20,back_lawn_se,005995,3,640,24.6,5.4,0x16,137,0x20,2 (unfiltered)
08:53:33,back_lawn_ne,005b45,0,603,23.8,5.2,0x16,,,1 (filtered)
08:53:33,back_lawn_ne,005b45,0,603,23.8,5.2,0x16,132,0x20,2 (unfiltered)
08:53:55,back_lawn_sw,005cb5,100,1766,25.0,5.1,0x16,,,1 (filtered)
08:53:55,back_lawn_sw,005cb5,100,1766,25.0,5.1,0x16,131,0x60,2 (unfiltered)
08:54:05,back_lawn_nw,0058ac,97,1603,25.4,4.8,0x16,,,1 (filtered)
08:54:05,back_lawn_nw,0058ac,97,1603,25.4,4.8,0x16,122,0x60,2 (unfiltered)
08:54:05,back_lawn_sw,005cb5,100,1768,24.4,5.1,0x16,,,1 (filtered)
08:54:05,back_lawn_sw,005cb5,100,1768,24.4,5.1,0x16,131,0x60,2 (unfiltered)
08:54:15,back_lawn_nw,0058ac,98,1609,25.2,4.8,0x16,,,1 (filtered)
08:54:15,back_lawn_nw,0058ac,98,1609,25.2,4.8,0x16,122,0x60,2 (unfiltered)
08:54:15,back_lawn_sw,005cb5,100,1768,24.0,5.2,0x16,132,0x60,2 (unfiltered)
08:54:31,back_lawn_se,005995,100,1652,24.4,5.1,0x16,,,1 (filtered)
08:54:31,back_lawn_se,005995,100,1652,24.4,5.1,0x16,130,0x60,2 (unfiltered)
08:54:35,back_lawn_nw,0058ac,98,1610,23.4,4.8,0x16,,,1 (filtered)
08:54:35,back_lawn_nw,0058ac,98,1610,23.4,4.8,0x16,122,0x60,2 (unfiltered)
08:54:35,back_lawn_sw,005cb5,100,1769,23.7,5.2,0x16,,,1 (filtered)
08:54:35,back_lawn_sw,005cb5,100,1769,23.7,5.2,0x16,132,0x60,2 (unfiltered)
08:54:41,back_lawn_se,005995,100,1663,24.0,5.1,0x16,,,1 (filtered)
08:54:41,back_lawn_se,005995,100,1663,24.0,5.1,0x16,130,0x60,2 (unfiltered)
08:54:44,back_lawn_ne,005b45,100,1666,23.6,5.1,0x16,,,1 (filtered)
08:54:44,back_lawn_ne,005b45,100,1666,23.6,5.1,0x16,130,0x60,2 (unfiltered)
08:54:51,back_lawn_se,005995,100,1666,23.6,5.1,0x16,,,1 (filtered)
08:54:51,back_lawn_se,005995,100,1666,23.6,5.1,0x16,130,0x60,2 (unfiltered)
08:54:54,back_lawn_ne,005b45,100,1680,23.4,5.1,0x16,,,1 (filtered)
08:54:54,back_lawn_ne,005b45,100,1680,23.4,5.1,0x16,130,0x60,2 (unfiltered)
08:54:55,back_lawn_sw,005cb5,100,1767,23.7,5.1,0x16,,,1 (filtered)
08:54:55,back_lawn_sw,005cb5,100,1767,23.7,5.1,0x16,131,0x60,2 (unfiltered)
08:55:04,back_lawn_ne,005b45,100,1681,23.4,5.0,0x16,,,1 (filtered)
08:55:04,back_lawn_ne,005b45,100,1681,23.4,5.0,0x16,129,0x60,2 (unfiltered)
08:55:05,back_lawn_nw,0058ac,98,1608,23.4,4.8,0x16,,,1 (filtered)
08:55:05,back_lawn_nw,0058ac,98,1608,23.4,4.8,0x16,122,0x60,2 (unfiltered)
08:55:11,back_lawn_se,005995,100,1667,23.3,5.1,0x16,,,1 (filtered)
08:55:11,back_lawn_se,005995,100,1667,23.3,5.1,0x16,131,0x60,2 (unfiltered)
08:55:14,back_lawn_ne,005b45,100,1682,23.4,5.1,0x16,,,1 (filtered)
08:55:14,back_lawn_ne,005b45,100,1682,23.4,5.1,0x16,130,0x60,2 (unfiltered)
08:55:21,back_lawn_se,005995,100,1668,23.3,5.1,0x16,,,1 (filtered)
08:55:21,back_lawn_se,005995,100,1668,23.3,5.1,0x16,130,0x60,2 (unfiltered)
08:55:31,back_lawn_se,005995,100,1669,23.3,5.1,0x16,,,1 (filtered)
08:55:31,back_lawn_se,005995,100,1669,23.3,5.1,0x16,130,0x60,2 (unfiltered)
08:55:34,back_lawn_ne,005b45,100,1681,23.4,5.1,0x16,130,0x60,2 (unfiltered)
08:55:42,back_lawn_se,005995,100,1669,23.3,5.1,0x16,131,0x60,2 (unfiltered)
08:56:18,back_lawn_sw,005cb5,100,1764,23.7,5.2,0x16,,,1 (filtered)
08:56:18,back_lawn_sw,005cb5,100,1764,23.7,5.2,0x16,132,0x60,2 (unfiltered)
08:56:31,back_lawn_nw,0058ac,97,1600,23.4,4.8,0x16,,,1 (filtered)
08:56:31,back_lawn_nw,0058ac,97,1600,23.4,4.8,0x16,122,0x60,2 (unfiltered)
08:56:54,back_lawn_se,005995,100,1656,23.3,5.1,0x16,,,1 (filtered)
08:56:54,back_lawn_se,005995,100,1656,23.3,5.1,0x16,130,0x60,2 (unfiltered)
08:57:07,back_lawn_ne,005b45,100,1665,23.4,5.1,0x16,,,1 (filtered)
08:57:07,back_lawn_ne,005b45,100,1665,23.4,5.1,0x16,130,0x60,2 (unfiltered)
08:57:29,back_lawn_sw,005cb5,100,1743,23.7,46.1,0x16,,,1 (filtered)
08:57:29,back_lawn_sw,005cb5,100,1743,23.7,46.1,0x16,1180,0x60,2 (unfiltered)
08:57:44,back_lawn_nw,0058ac,100,1648,23.4,25.8,0x16,,,1 (filtered)
08:57:44,back_lawn_nw,0058ac,100,1648,23.4,25.8,0x16,661,0x60,2 (unfiltered)
08:58:05,back_lawn_se,005995,100,1634,23.3,36.0,0x16,,,1 (filtered)
08:58:05,back_lawn_se,005995,100,1634,23.3,36.0,0x16,921,0x60,2 (unfiltered)
08:58:18,back_lawn_ne,005b45,100,1721,23.4,35.7,0x16,,,1 (filtered)
08:58:18,back_lawn_ne,005b45,100,1721,23.4,35.7,0x16,914,0x60,2 (unfiltered)
08:58:40,back_lawn_sw,005cb5,100,1732,23.6,25.8,0x16,,,1 (filtered)
08:58:40,back_lawn_sw,005cb5,100,1732,23.6,25.8,0x16,661,0x60,2 (unfiltered)
08:58:57,back_lawn_nw,0058ac,100,1646,23.4,25.8,0x16,,,1 (filtered)
08:58:57,back_lawn_nw,0058ac,100,1646,23.4,25.8,0x16,661,0x60,2 (unfiltered)
08:59:16,back_lawn_se,005995,100,1632,23.3,36.0,0x16,,,1 (filtered)
08:59:16,back_lawn_se,005995,100,1632,23.3,36.0,0x16,921,0x60,2 (unfiltered)
08:59:29,back_lawn_ne,005b45,100,1718,23.3,45.7,0x16,,,1 (filtered)
08:59:29,back_lawn_ne,005b45,100,1718,23.3,45.7,0x16,1171,0x60,2 (unfiltered)
08:59:52,back_lawn_sw,005cb5,100,1731,23.5,25.8,0x16,,,1 (filtered)
08:59:52,back_lawn_sw,005cb5,100,1731,23.5,25.8,0x16,661,0x60,2 (unfiltered)
09:00:10,back_lawn_nw,0058ac,100,1646,23.4,25.9,0x16,662,0x60,2 (unfiltered)
09:00:10,back_lawn_nw,0058ac,100,1646,23.4,25.9,0x16,662,0x60,2 (unfiltered)
09:00:27,back_lawn_se,005995,100,1631,23.3,46.0,0x16,,,1 (filtered)
09:00:27,back_lawn_se,005995,100,1631,23.3,46.0,0x16,1178,0x60,2 (unfiltered)
09:00:33,desk_spare,0070f4,0,585,26.0,5.0,0x16,128,0x20,2 (unfiltered)
09:00:41,back_lawn_ne,005b45,100,1717,23.3,45.8,0x16,,,1 (filtered)
09:00:41,back_lawn_ne,005b45,100,1717,23.3,45.8,0x16,1172,0x60,2 (unfiltered)
09:00:41,back_lawn_ne,005b45,100,1717,23.3,45.8,0x16,1172,0x60,2 (unfiltered)
09:01:03,back_lawn_sw,005cb5,100,1731,23.4,25.8,0x16,660,0x60,2 (unfiltered)
09:01:03,back_lawn_sw,005cb5,100,1731,23.4,25.8,0x16,660,0x60,2 (unfiltered)
09:01:23,back_lawn_nw,0058ac,100,1682,23.5,25.9,0x16,,,1 (filtered)
09:01:23,back_lawn_nw,0058ac,100,1682,23.5,25.9,0x16,662,0x60,2 (unfiltered)
09:01:23,back_lawn_nw,0058ac,100,1682,23.5,25.9,0x16,662,0x60,2 (unfiltered)
09:01:39,back_lawn_se,005995,9,694,23.3,5.2,0x16,,,1 (filtered)
09:01:39,back_lawn_se,005995,9,694,23.3,5.2,0x16,132,0x20,2 (unfiltered)
09:01:39,back_lawn_se,005995,9,694,23.3,5.2,0x16,132,0x20,2 (unfiltered)
09:01:49,back_lawn_se,005995,100,1662,23.2,299.1,0x16,,,1 (filtered)
09:01:49,back_lawn_se,005995,100,1662,23.2,299.1,0x16,7657,0x60,2 (unfiltered)
09:01:49,back_lawn_se,005995,100,1662,23.2,299.1,0x16,7657,0x60,2 (unfiltered)
09:01:52,back_lawn_ne,005b45,100,1659,23.3,329.3,0x16,,,1 (filtered)
09:01:52,back_lawn_ne,005b45,100,1659,23.3,329.3,0x16,8430,0x60,2 (unfiltered)
09:01:52,back_lawn_ne,005b45,100,1659,23.3,329.3,0x16,8430,0x60,2 (unfiltered)
09:01:59,back_lawn_se,005995,100,1685,23.2,299.1,0x16,,,1 (filtered)
09:01:59,back_lawn_se,005995,100,1685,23.2,299.1,0x16,7657,0x60,2 (unfiltered)
09:01:59,back_lawn_se,005995,100,1685,23.2,299.1,0x16,7657,0x60,2 (unfiltered)
09:02:09,back_lawn_se,005995,100,1675,23.2,278.9,0x16,,,1 (filtered)
09:02:09,back_lawn_se,005995,100,1675,23.2,278.9,0x16,7140,0x60,2 (unfiltered)
09:02:09,back_lawn_se,005995,100,1675,23.2,278.9,0x16,7140,0x60,2 (unfiltered)
09:02:14,back_lawn_sw,005cb5,100,1681,23.4,309.2,0x16,,,1 (filtered)
09:02:14,back_lawn_sw,005cb5,100,1681,23.4,309.2,0x16,7915,0x60,2 (unfiltered)
09:02:19,back_lawn_se,005995,100,1676,23.2,278.9,0x16,,,1 (filtered)
09:02:19,back_lawn_se,005995,100,1676,23.2,278.9,0x16,7140,0x60,2 (unfiltered)
09:02:36,back_lawn_nw,0058ac,99,1623,23.5,309.2,0x16,,,1 (filtered)
09:02:36,back_lawn_nw,0058ac,99,1623,23.5,309.2,0x16,7916,0x60,2 (unfiltered)
09:02:36,back_lawn_nw,0058ac,99,1623,23.5,309.2,0x16,7916,0x60,2 (unfiltered)
09:03:03,back_lawn_ne,005b45,100,1658,23.3,329.3,0x16,,,1 (filtered)
09:03:03,back_lawn_ne,005b45,100,1658,23.3,329.3,0x16,8429,0x60,2 (unfiltered)
09:03:03,back_lawn_ne,005b45,100,1658,23.3,329.3,0x16,8429,0x60,2 (unfiltered)
09:03:25,back_lawn_sw,005cb5,100,1678,23.5,339.6,0x16,,,1 (filtered)
09:03:25,back_lawn_sw,005cb5,100,1678,23.5,339.6,0x16,8694,0x60,2 (unfiltered)
09:03:25,back_lawn_sw,005cb5,100,1678,23.5,339.6,0x16,8694,0x60,2 (unfiltered)
09:03:49,back_lawn_nw,0058ac,99,1623,23.5,309.3,0x16,7917,0x60,2 (unfiltered)
09:04:01,back_lawn_se,005995,100,1673,23.3,278.9,0x16,,,1 (filtered)
09:04:01,back_lawn_se,005995,100,1673,23.3,278.9,0x16,7140,0x60,2 (unfiltered)
09:04:01,back_lawn_se,005995,100,1673,23.3,278.9,0x16,7140,0x60,2 (unfiltered)
09:04:14,back_lawn_ne,005b45,100,1657,23.3,339.4,0x16,,,1 (filtered)
09:04:14,back_lawn_ne,005b45,100,1657,23.3,339.4,0x16,8689,0x60,2 (unfiltered)
09:04:37,back_lawn_sw,005cb5,100,1675,23.5,359.9,0x16,9213,0x60,2 (unfiltered)
09:04:37,back_lawn_sw,005cb5,100,1675,23.5,359.9,0x16,9213,0x60,2 (unfiltered)
09:05:02,back_lawn_nw,0058ac,99,1623,23.5,319.3,0x16,8174,0x60,2 (unfiltered)
09:05:12,back_lawn_se,005995,100,1671,23.3,288.9,0x16,,,1 (filtered)
09:05:12,back_lawn_se,005995,100,1671,23.3,288.9,0x16,7397,0x60,2 (unfiltered)
09:05:12,back_lawn_se,005995,100,1671,23.3,288.9,0x16,7397,0x60,2 (unfiltered)
09:05:26,back_lawn_ne,005b45,100,1657,23.3,349.5,0x16,8948,0x60,2 (unfiltered)
09:05:48,back_lawn_sw,005cb5,100,1676,23.5,359.9,0x16,,,1 (filtered)
09:05:48,back_lawn_sw,005cb5,100,1676,23.5,359.9,0x16,9213,0x60,2 (unfiltered)
09:05:48,back_lawn_sw,005cb5,100,1676,23.5,359.9,0x16,9213,0x60,2 (unfiltered)
09:06:24,back_lawn_se,005995,100,1671,23.4,289.0,0x16,7399,0x60,2 (unfiltered)
09:06:24,back_lawn_se,005995,100,1671,23.4,289.0,0x16,7399,0x60,2 (unfiltered)
09:06:37,back_lawn_ne,005b45,100,1656,23.3,359.6,0x16,,,1 (filtered)
09:06:37,back_lawn_ne,005b45,100,1656,23.3,359.6,0x16,9205,0x60,2 (unfiltered)
09:06:37,back_lawn_ne,005b45,100,1656,23.3,359.6,0x16,9205,0x60,2 (unfiltered)
09:06:59,back_lawn_sw,005cb5,100,1676,23.5,359.8,0x16,9212,0x60,2 (unfiltered)
09:06:59,back_lawn_sw,005cb5,100,1676,23.5,359.8,0x16,9212,0x60,2 (unfiltered)
09:07:35,back_lawn_se,005995,100,1671,23.4,299.1,0x16,7656,0x60,2 (unfiltered)
09:07:35,back_lawn_se,005995,100,1671,23.4,299.1,0x16,7656,0x60,2 (unfiltered)
09:08:10,back_lawn_sw,005cb5,100,1676,23.5,359.8,0x16,9211,0x60,2 (unfiltered)
09:08:10,back_lawn_sw,005cb5,100,1676,23.5,359.8,0x16,9211,0x60,2 (unfiltered)
09:08:41,back_lawn_nw,0058ac,99,1622,23.5,309.3,0x16,,,1 (filtered)
09:08:41,back_lawn_nw,0058ac,99,1622,23.5,309.3,0x16,7917,0x60,2 (unfiltered)
09:08:41,back_lawn_nw,0058ac,99,1622,23.5,309.3,0x16,7917,0x60,2 (unfiltered)
09:08:46,back_lawn_se,005995,100,1670,23.4,299.2,0x16,,,1 (filtered)
09:08:46,back_lawn_se,005995,100,1670,23.4,299.2,0x16,7659,0x60,2 (unfiltered)
09:08:46,back_lawn_se,005995,100,1670,23.4,299.2,0x16,7659,0x60,2 (unfiltered)
09:08:59,back_lawn_ne,005b45,100,1655,23.3,359.6,0x16,,,1 (filtered)
09:08:59,back_lawn_ne,005b45,100,1655,23.3,359.6,0x16,9205,0x60,2 (unfiltered)
09:08:59,back_lawn_ne,005b45,100,1655,23.3,359.6,0x16,9205,0x60,2 (unfiltered)
09:09:22,back_lawn_sw,005cb5,100,1677,23.5,349.8,0x16,,,1 (filtered)
09:09:22,back_lawn_sw,005cb5,100,1677,23.5,349.8,0x16,8954,0x60,2 (unfiltered)
09:09:22,back_lawn_sw,005cb5,100,1677,23.5,349.8,0x16,8954,0x60,2 (unfiltered)
09:09:54,back_lawn_nw,0058ac,99,1622,23.5,309.2,0x16,7916,0x60,2 (unfiltered)
09:09:57,back_lawn_se,005995,100,1670,23.4,309.2,0x16,7916,0x60,2 (unfiltered)
09:09:57,back_lawn_se,005995,100,1670,23.4,309.2,0x16,7916,0x60,2 (unfiltered)
09:10:01,desk_spare,0070f4,0,586,27.3,5.0,0x16,,,1 (filtered)
09:10:01,desk_spare,0070f4,0,586,27.3,5.0,0x16,128,0x20,2 (unfiltered)
09:10:01,desk_spare,0070f4,0,586,27.3,5.0,0x16,128,0x20,2 (unfiltered)
09:10:11,back_lawn_ne,005b45,100,1656,23.4,349.5,0x16,8948,0x60,2 (unfiltered)
09:10:11,back_lawn_ne,005b45,100,1656,23.4,349.5,0x16,8948,0x60,2 (unfiltered)
09:10:33,back_lawn_sw,005cb5,100,1676,23.5,349.7,0x16,8953,0x60,2 (unfiltered)
09:10:33,back_lawn_sw,005cb5,100,1676,23.5,349.7,0x16,8953,0x60,2 (unfiltered)
09:11:09,back_lawn_se,005995,100,1669,23.5,309.3,0x16,7918,0x60,2 (unfiltered)
09:11:22,back_lawn_ne,005b45,100,1657,23.4,349.5,0x16,8947,0x60,2 (unfiltered)
09:11:22,back_lawn_ne,005b45,100,1657,23.4,349.5,0x16,8947,0x60,2 (unfiltered)
09:11:44,back_lawn_sw,005cb5,100,1677,23.5,349.7,0x16,8953,0x60,2 (unfiltered)
09:11:44,back_lawn_sw,005cb5,100,1677,23.5,349.7,0x16,8953,0x60,2 (unfiltered)
09:12:20,back_lawn_nw,0058ac,99,1622,23.5,309.2,0x16,7915,0x60,2 (unfiltered)
09:12:20,back_lawn_nw,0058ac,99,1622,23.5,309.2,0x16,7915,0x60,2 (unfiltered)
09:12:20,back_lawn_se,005995,100,1670,23.5,319.3,0x16,8175,0x60,2 (unfiltered)
09:12:20,back_lawn_se,005995,100,1670,23.5,319.3,0x16,8175,0x60,2 (unfiltered)
09:12:55,back_lawn_sw,005cb5,100,1678,23.6,349.7,0x16,8953,0x60,2 (unfiltered)
09:13:33,back_lawn_nw,0058ac,99,1621,23.5,309.2,0x16,,,1 (filtered)
09:13:33,back_lawn_nw,0058ac,99,1621,23.5,309.2,0x16,7915,0x60,2 (unfiltered)
09:13:33,back_lawn_nw,0058ac,99,1621,23.5,309.2,0x16,7915,0x60,2 (unfiltered)
09:14:07,back_lawn_sw,005cb5,4,682,23.5,5.2,0x16,,,1 (filtered)
09:14:07,back_lawn_sw,005cb5,4,682,23.5,5.2,0x16,134,0x20,2 (unfiltered)
09:14:17,back_lawn_sw,005cb5,95,1578,23.5,1078.6,0x26,27611,0x60,2 (unfiltered)
09:14:17,back_lawn_sw,005cb5,95,1578,23.5,1078.6,0x26,27611,0x60,2 (unfiltered)
09:14:27,back_lawn_sw,005cb5,96,1588,23.5,926.7,0x26,23724,0x60,2 (unfiltered)
09:14:27,back_lawn_sw,005cb5,96,1588,23.5,926.7,0x26,23724,0x60,2 (unfiltered)
09:14:37,back_lawn_sw,005cb5,97,1597,23.6,916.7,0x26,23467,0x60,2 (unfiltered)
09:14:42,back_lawn_se,005995,97,1577,23.5,906.6,0x26,23208,0x60,2 (unfiltered)
09:14:46,back_lawn_nw,0058ac,85,1476,23.5,997.7,0x26,25540,0x50,2 (unfiltered)
09:14:46,back_lawn_nw,0058ac,85,1476,23.5,997.7,0x26,25540,0x50,2 (unfiltered)
09:14:47,back_lawn_sw,005cb5,97,1595,23.6,926.8,0x26,23725,0x60,2 (unfiltered)
09:14:56,back_lawn_ne,005b45,91,1563,23.4,946.9,0x26,24241,0x60,2 (unfiltered)
09:15:07,back_lawn_sw,005cb5,97,1595,23.6,916.7,0x26,23468,0x60,2 (unfiltered)
09:15:18,back_lawn_sw,005cb5,97,1594,23.6,916.7,0x26,23468,0x60,2 (unfiltered)
09:15:18,back_lawn_sw,005cb5,97,1594,23.6,916.7,0x26,23468,0x60,2 (unfiltered)
09:26:35,back_lawn_se,005995,88,1487,23.5,1443.2,0x36,36945,0x50,2 (unfiltered)
09:26:35,desk_spare,0070f4,0,586,28.2,5.0,0x16,128,0x20,2 (unfiltered)
09:26:48,back_lawn_ne,005b45,84,1492,23.5,1443.2,0x36,36945,0x50,2 (unfiltered)
09:27:10,back_lawn_sw,005cb5,87,1501,23.7,1564.5,0x36,40051,0x50,2 (unfiltered)
09:27:46,back_lawn_se,005995,87,1486,23.5,1443.2,0x36,36945,0x50,2 (unfiltered)
09:27:46,desk_spare,0070f4,0,586,28.2,5.0,0x16,129,0x20,2 (unfiltered)
09:27:59,back_lawn_ne,005b45,84,1492,23.5,1453.2,0x36,37203,0x50,2 (unfiltered)
09:28:09,back_lawn_nw,0058ac,81,1439,23.7,1483.6,0x36,37980,0x50,2 (unfiltered)
09:28:22,back_lawn_sw,005cb5,12,761,23.7,25.8,0x16,660,0x20,2 (unfiltered)
09:28:32,back_lawn_sw,005cb5,13,764,23.6,86.5,0x16,2215,0x20,2 (unfiltered)
09:28:52,back_lawn_sw,005cb5,78,1412,23.1,4496.8,0x66,115117,0x51,2 (unfiltered)
09:28:57,back_lawn_se,005995,21,820,23.5,4143.7,0x66,106079,0x31,2 (unfiltered)
09:28:57,desk_spare,0070f4,0,586,28.2,5.0,0x16,128,0x20,2 (unfiltered)
09:29:02,back_lawn_sw,005cb5,78,1414,23.1,4304.6,0x66,110199,0x51,2 (unfiltered)
09:29:07,back_lawn_se,005995,74,1346,23.5,4669.6,0x66,119542,0x51,2 (unfiltered)
09:29:11,back_lawn_ne,005b45,72,1370,23.5,4396.6,0x66,112553,0x51,2 (unfiltered)
09:29:12,back_lawn_sw,005cb5,79,1415,23.2,4325.0,0x66,110720,0x51,2 (unfiltered)
09:29:17,back_lawn_se,005995,73,1345,23.5,4740.5,0x76,121357,0x51,2 (unfiltered)
09:29:22,back_lawn_nw,0058ac,74,1363,23.7,4294.7,0x66,109944,0x51,2 (unfiltered)
09:29:22,back_lawn_sw,005cb5,78,1414,23.5,4325.2,0x66,110725,0x51,2 (unfiltered)
09:29:28,back_lawn_se,005995,73,1345,23.4,4780.9,0x76,122391,0x51,2 (unfiltered)
09:29:33,back_lawn_sw,005cb5,78,1414,23.7,4305.2,0x66,110213,0x51,2 (unfiltered)
09:29:37,back_lawn_se,005995,73,1345,23.4,4790.9,0x76,122648,0x51,2 (unfiltered)
09:29:47,back_lawn_se,005995,73,1345,23.5,4791.1,0x76,122653,0x51,2 (unfiltered)
09:29:57,back_lawn_se,005995,73,1345,23.5,4791.1,0x76,122652,0x51,2 (unfiltered)
09:30:22,back_lawn_ne,005b45,72,1368,23.5,4700.2,0x76,120324,0x51,2 (unfiltered)
09:30:35,back_lawn_nw,0058ac,73,1362,23.7,4577.8,0x66,117191,0x51,2 (unfiltered)
09:30:44,back_lawn_sw,005cb5,78,1413,23.8,4436.8,0x66,113582,0x51,2 (unfiltered)
09:31:33,back_lawn_ne,005b45,72,1367,23.5,4760.8,0x76,121877,0x51,2 (unfiltered)
09:31:48,back_lawn_nw,0058ac,73,1361,23.7,4709.2,0x66,120556,0x51,2 (unfiltered)
09:31:55,back_lawn_sw,005cb5,78,1412,23.8,4548.0,0x66,116429,0x51,2 (unfiltered)
09:32:31,back_lawn_se,005995,73,1344,23.5,4811.3,0x76,123169,0x51,2 (unfiltered)
09:32:44,back_lawn_ne,005b45,72,1367,23.5,4801.3,0x76,122914,0x51,2 (unfiltered)
09:33:01,back_lawn_nw,0058ac,73,1361,23.7,4780.1,0x76,122371,0x51,2 (unfiltered)
09:33:07,back_lawn_sw,005cb5,78,1412,23.8,4578.3,0x66,117205,0x51,2 (unfiltered)
09:33:56,back_lawn_ne,005b45,72,1367,23.5,4841.8,0x76,123949,0x51,2 (unfiltered)
09:34:14,back_lawn_nw,0058ac,73,1361,23.8,4810.6,0x76,123151,0x51,2 (unfiltered)
09:34:18,back_lawn_sw,005cb5,78,1412,23.8,4598.6,0x66,117723,0x51,2 (unfiltered)
09:34:54,back_lawn_se,005995,73,1340,23.5,4791.1,0x76,122652,0x51,2 (unfiltered)
09:35:07,back_lawn_ne,005b45,0,623,23.5,35.6,0x16,912,0x20,2 (unfiltered)
09:35:17,back_lawn_ne,005b45,0,610,23.4,35.7,0x16,914,0x20,2 (unfiltered)
09:35:27,back_lawn_ne,005b45,0,606,23.4,35.7,0x16,914,0x20,2 (unfiltered)
09:35:27,back_lawn_nw,0058ac,74,1371,23.8,4436.4,0x66,113571,0x51,2 (unfiltered)
09:35:29,back_lawn_sw,005cb5,0,606,23.8,2272.5,0x46,58176,0x20,2 (unfiltered)
09:35:37,back_lawn_ne,005b45,72,1372,23.4,4831.5,0x76,123686,0x51,2 (unfiltered)
09:35:39,back_lawn_sw,005cb5,77,1399,23.8,4275.0,0x66,109440,0x51,2 (unfiltered)
09:35:47,back_lawn_ne,005b45,72,1371,23.4,4801.2,0x76,122911,0x51,2 (unfiltered)
09:35:49,back_lawn_sw,005cb5,77,1399,23.8,4264.9,0x66,109181,0x51,2 (unfiltered)
09:35:57,back_lawn_ne,005b45,72,1371,23.5,4791.1,0x76,122653,0x51,2 (unfiltered)
09:35:59,back_lawn_sw,005cb5,77,1399,23.7,4274.9,0x66,109437,0x51,2 (unfiltered)
09:36:05,back_lawn_se,005995,76,1369,23.5,4406.7,0x66,112812,0x51,2 (unfiltered)
09:36:07,back_lawn_ne,005b45,72,1371,23.5,4781.1,0x76,122396,0x51,2 (unfiltered)
09:36:09,back_lawn_sw,005cb5,77,1399,23.7,4274.8,0x66,109436,0x51,2 (unfiltered)
09:36:19,back_lawn_sw,005cb5,77,1399,23.8,4264.8,0x66,109180,0x51,2 (unfiltered)
09:36:40,back_lawn_nw,0058ac,72,1351,23.8,4416.2,0x66,113054,0x51,2 (unfiltered)
09:36:40,back_lawn_sw,005cb5,77,1399,23.8,4264.8,0x66,109179,0x51,2 (unfiltered)
09:37:30,back_lawn_ne,005b45,72,1370,23.5,4781.1,0x76,122395,0x51,2 (unfiltered)
09:37:52,back_lawn_sw,005cb5,77,1398,23.8,4264.8,0x66,109179,0x51,2 (unfiltered)
09:37:53,back_lawn_nw,0058ac,72,1350,23.7,4426.2,0x66,113310,0x51,2 (unfiltered)
09:38:27,back_lawn_se,005995,76,1369,23.6,4416.8,0x66,113071,0x51,2 (unfiltered)
09:38:41,back_lawn_ne,005b45,72,1369,23.5,4771.0,0x76,122137,0x51,2 (unfiltered)
09:39:03,back_lawn_sw,005cb5,77,1398,23.8,4264.8,0x66,109180,0x51,2 (unfiltered)
09:39:06,back_lawn_nw,0058ac,72,1351,23.7,4426.1,0x66,113309,0x51,2 (unfiltered)
09:39:39,back_lawn_se,005995,2,624,23.6,299.2,0x16,7659,0x20,2 (unfiltered)
09:39:49,back_lawn_se,005995,0,607,23.3,359.9,0x16,9213,0x20,2 (unfiltered)
09:39:52,back_lawn_ne,005b45,0,617,23.5,5.2,0x16,134,0x20,2 (unfiltered)
09:39:59,back_lawn_se,005995,72,1335,23.0,4982.7,0x76,127557,0x51,2 (unfiltered)
09:40:02,back_lawn_ne,005b45,0,610,23.1,5.2,0x16,134,0x20,2 (unfiltered)
09:40:09,back_lawn_se,005995,76,1374,23.0,4588.2,0x66,117459,0x51,2 (unfiltered)
09:40:12,back_lawn_ne,005b45,73,1384,22.7,4648.7,0x66,119006,0x51,2 (unfiltered)
09:40:14,back_lawn_sw,005cb5,0,607,23.8,5.6,0x16,143,0x20,2 (unfiltered)
09:40:19,back_lawn_nw,0058ac,74,1371,23.7,4618.3,0x66,118228,0x51,2 (unfiltered)
09:40:19,back_lawn_se,005995,77,1377,23.0,4568.0,0x66,116942,0x51,2 (unfiltered)
09:40:22,back_lawn_ne,005b45,73,1384,22.6,4628.4,0x66,118486,0x51,2 (unfiltered)
09:40:24,back_lawn_sw,005cb5,78,1412,23.8,4699.6,0x66,120310,0x51,2 (unfiltered)
09:40:29,back_lawn_se,005995,77,1377,23.3,4598.6,0x66,117724,0x51,2 (unfiltered)
09:40:32,back_lawn_ne,005b45,73,1384,22.6,4618.3,0x66,118228,0x51,2 (unfiltered)
09:40:34,back_lawn_sw,005cb5,78,1412,23.8,4669.4,0x66,119536,0x51,2 (unfiltered)
09:40:39,back_lawn_se,005995,77,1377,23.5,4578.6,0x66,117212,0x51,2 (unfiltered)
09:40:42,back_lawn_ne,005b45,73,1384,23.1,4578.3,0x66,117204,0x51,2 (unfiltered)
09:40:50,back_lawn_se,005995,77,1377,23.5,4578.6,0x66,117211,0x51,2 (unfiltered)
09:40:54,back_lawn_sw,005cb5,78,1412,23.8,4669.3,0x66,119535,0x51,2 (unfiltered)
09:41:32,back_lawn_nw,0058ac,74,1371,23.7,4749.7,0x66,121593,0x51,2 (unfiltered)
09:42:01,back_lawn_se,005995,77,1376,23.6,4588.8,0x66,117473,0x51,2 (unfiltered)
09:42:14,back_lawn_ne,005b45,73,1383,23.5,4538.2,0x66,116179,0x51,2 (unfiltered)
09:42:37,back_lawn_sw,005cb5,78,1411,23.8,4669.3,0x66,119535,0x51,2 (unfiltered)
09:42:45,back_lawn_nw,0058ac,74,1371,23.7,4759.8,0x66,121850,0x51,2 (unfiltered)
09:43:12,back_lawn_se,005995,76,1375,23.6,4619.1,0x66,118250,0x51,2 (unfiltered)
09:43:26,back_lawn_ne,005b45,73,1382,23.5,4538.2,0x66,116178,0x51,2 (unfiltered)
09:43:58,back_lawn_nw,0058ac,74,1371,23.7,4769.9,0x66,122109,0x51,2 (unfiltered)
09:44:24,back_lawn_se,005995,76,1375,23.6,4629.3,0x66,118510,0x51,2 (unfiltered)
09:44:37,back_lawn_ne,005b45,6,685,23.5,15.5,0x16,396,0x20,2 (unfiltered)
09:44:47,back_lawn_ne,005b45,1,630,23.5,5.3,0x16,136,0x20,2 (unfiltered)
09:44:57,back_lawn_ne,005b45,0,619,23.1,5.3,0x16,136,0x20,2 (unfiltered)
09:44:59,back_lawn_sw,005cb5,0,609,23.8,5.5,0x16,142,0x20,2 (unfiltered)
09:45:07,back_lawn_ne,005b45,74,1394,22.9,5326.1,0x76,136349,0x52,2 (unfiltered)
09:45:09,back_lawn_sw,005cb5,81,1436,23.5,5315.7,0x76,136082,0x52,2 (unfiltered)
09:45:11,back_lawn_nw,0058ac,76,1383,23.7,5154.1,0x76,131945,0x52,2 (unfiltered)
09:45:17,back_lawn_ne,005b45,74,1395,22.9,5295.9,0x76,135575,0x52,2 (unfiltered)
09:45:19,back_lawn_sw,005cb5,81,1440,23.5,5285.4,0x76,135307,0x52,2 (unfiltered)
09:45:27,back_lawn_ne,005b45,74,1394,23.0,5275.8,0x76,135061,0x52,2 (unfiltered)
09:45:29,back_lawn_sw,005cb5,81,1440,23.5,5295.5,0x76,135565,0x52,2 (unfiltered)
09:45:31,desk_spare,0070f4,0,587,28.2,5.0,0x16,128,0x20,2 (unfiltered)
09:45:35,back_lawn_se,005995,77,1383,23.6,5074.3,0x76,129903,0x51,2 (unfiltered)
09:45:37,back_lawn_ne,005b45,74,1394,23.3,5245.8,0x76,134292,0x52,2 (unfiltered)
09:45:39,back_lawn_sw,005cb5,81,1440,23.5,5295.5,0x76,135566,0x52,2 (unfiltered)
09:45:48,back_lawn_ne,005b45,74,1394,23.5,5245.9,0x76,134296,0x52,2 (unfiltered)
09:45:49,back_lawn_sw,005cb5,81,1440,23.8,5265.5,0x76,134798,0x52,2 (unfiltered)
09:45:59,back_lawn_sw,005cb5,81,1440,23.8,5275.6,0x76,135055,0x52,2 (unfiltered)
09:46:10,back_lawn_sw,005cb5,81,1440,23.8,5285.7,0x76,135314,0x52,2 (unfiltered)
09:46:24,back_lawn_nw,0058ac,76,1383,23.7,5164.2,0x76,132204,0x52,2 (unfiltered)
09:46:46,back_lawn_se,005995,77,1382,23.6,5165.2,0x76,132230,0x52,2 (unfiltered)
09:46:59,back_lawn_ne,005b45,74,1392,23.5,5326.6,0x76,136361,0x52,2 (unfiltered)
09:47:37,back_lawn_nw,0058ac,75,1382,23.7,5214.6,0x76,133494,0x52,2 (unfiltered)
09:47:57,back_lawn_se,005995,77,1381,23.5,5296.2,0x76,135583,0x52,2 (unfiltered)
09:48:33,back_lawn_sw,005cb5,81,1439,23.8,5326.0,0x76,136346,0x52,2 (unfiltered)
09:48:50,back_lawn_nw,0058ac,75,1382,23.7,5224.6,0x76,133751,0x52,2 (unfiltered)
09:49:09,back_lawn_se,005995,77,1381,23.5,5306.2,0x76,135840,0x52,2 (unfiltered)
09:49:22,back_lawn_ne,005b45,74,1392,23.6,5336.7,0x76,136620,0x52,2 (unfiltered)
09:49:44,back_lawn_sw,005cb5,81,1438,23.8,5346.1,0x76,136861,0x52,2 (unfiltered)
09:50:20,back_lawn_se,005995,77,1381,23.5,5326.4,0x76,136357,0x52,2 (unfiltered)
09:50:33,back_lawn_ne,005b45,74,1392,23.6,5346.8,0x76,136878,0x52,2 (unfiltered)
09:50:55,back_lawn_sw,005cb5,81,1438,23.9,5346.2,0x76,136863,0x52,2 (unfiltered)
09:51:31,back_lawn_se,005995,77,1381,23.5,5316.4,0x76,136099,0x52,2 (unfiltered)
09:51:44,back_lawn_ne,005b45,74,1392,23.6,5356.9,0x76,137137,0x52,2 (unfiltered)
09:52:07,back_lawn_sw,005cb5,81,1438,23.9,5356.3,0x76,137122,0x52,2 (unfiltered)
09:52:29,back_lawn_nw,0058ac,0,592,23.7,5.1,0x16,130,0x20,2 (unfiltered)
09:52:39,back_lawn_nw,0058ac,0,587,23.3,5.1,0x16,130,0x20,2 (unfiltered)
09:52:42,back_lawn_se,005995,0,580,23.5,15.7,0x16,403,0x20,2 (unfiltered)
09:52:49,back_lawn_nw,0058ac,0,584,22.9,5.1,0x16,130,0x20,2 (unfiltered)
09:52:52,back_lawn_se,005995,0,577,23.3,15.7,0x16,403,0x20,2 (unfiltered)
09:52:56,back_lawn_ne,005b45,92,1576,23.6,10002.0,0xd6,256050,0x63,2 (unfiltered)
09:52:59,back_lawn_nw,0058ac,0,585,22.6,15.7,0x16,401,0x20,2 (unfiltered)
09:53:02,back_lawn_se,005995,93,1545,23.1,10003.1,0xd6,256080,0x63,2 (unfiltered)
09:53:06,back_lawn_ne,005b45,92,1578,23.6,10001.7,0xd6,256044,0x63,2 (unfiltered)
09:53:09,back_lawn_nw,0058ac,93,1558,22.6,10003.2,0xd6,256081,0x63,2 (unfiltered)
09:53:12,back_lawn_se,005995,94,1553,23.1,10003.4,0xd6,256088,0x63,2 (unfiltered)
09:53:16,back_lawn_ne,005b45,92,1578,23.5,10001.6,0xd6,256040,0x63,2 (unfiltered)
09:53:18,back_lawn_sw,005cb5,98,1611,23.9,10002.7,0xd6,256068,0x63,2 (unfiltered)
09:53:19,back_lawn_nw,0058ac,93,1559,22.7,10003.0,0xd6,256076,0x63,2 (unfiltered)
09:53:23,back_lawn_se,005995,94,1553,23.1,10003.0,0xd6,256076,0x63,2 (unfiltered)
09:53:26,back_lawn_ne,005b45,92,1578,23.5,10001.5,0xd6,256039,0x63,2 (unfiltered)
09:53:29,back_lawn_nw,0058ac,93,1559,23.0,10002.8,0xd6,256071,0x63,2 (unfiltered)
09:53:32,back_lawn_se,005995,94,1553,23.3,10002.9,0xd6,256074,0x63,2 (unfiltered)
09:53:36,back_lawn_ne,005b45,92,1578,23.5,10001.4,0xd6,256037,0x63,2 (unfiltered)
09:53:38,back_lawn_sw,005cb5,98,1611,23.8,10002.0,0xd6,256052,0x63,2 (unfiltered)
09:53:42,back_lawn_se,005995,94,1553,23.5,10002.9,0xd6,256073,0x63,2 (unfiltered)
09:53:46,back_lawn_ne,005b45,92,1578,23.5,10001.5,0xd6,256038,0x63,2 (unfiltered)
09:53:48,back_lawn_sw,005cb5,98,1611,23.8,10001.9,0xd6,256048,0x63,2 (unfiltered)
09:53:56,back_lawn_ne,005b45,92,1578,23.5,10001.6,0xd6,256042,0x63,2 (unfiltered)
09:53:58,back_lawn_sw,005cb5,98,1611,23.8,10001.8,0xd6,256047,0x63,2 (unfiltered)
09:54:07,back_lawn_ne,005b45,92,1578,23.5,10001.9,0xd6,256048,0x63,2 (unfiltered)
09:54:18,back_lawn_sw,005cb5,98,1611,23.8,10001.8,0xd6,256045,0x63,2 (unfiltered)
09:54:55,back_lawn_nw,0058ac,93,1558,23.6,10002.9,0xd6,256074,0x63,2 (unfiltered)
09:55:05,back_lawn_se,005995,94,1553,23.5,10002.8,0xd6,256072,0x63,2 (unfiltered)
09:55:18,back_lawn_ne,005b45,92,1578,23.5,10002.2,0xd6,256057,0x63,2 (unfiltered)
09:56:16,back_lawn_se,005995,94,1552,23.5,10002.8,0xd6,256072,0x63,2 (unfiltered)
09:56:30,back_lawn_ne,005b45,92,1577,23.5,10002.1,0xd6,256055,0x63,2 (unfiltered)
09:57:28,back_lawn_se,005995,94,1552,23.5,10002.9,0xd6,256073,0x63,2 (unfiltered)
09:57:41,back_lawn_ne,005b45,92,1577,23.5,10002.0,0xd6,256052,0x63,2 (unfiltered)
09:58:03,back_lawn_sw,005cb5,98,1611,23.8,10002.0,0xd6,256051,0x63,2 (unfiltered)
09:58:34,back_lawn_nw,0058ac,93,1558,23.6,10002.9,0xd6,256073,0x63,2 (unfiltered)
09:58:39,back_lawn_se,005995,94,1552,23.6,10002.8,0xd6,256071,0x63,2 (unfiltered)
09:58:52,back_lawn_ne,005b45,92,1577,23.5,10001.9,0xd6,256049,0x63,2 (unfiltered)
09:59:14,back_lawn_sw,005cb5,98,1610,23.8,10002.0,0xd6,256050,0x63,2 (unfiltered)
09:59:47,back_lawn_nw,0058ac,93,1558,23.6,10002.7,0xd6,256069,0x63,2 (unfiltered)
10:00:03,back_lawn_ne,005b45,92,1577,23.5,10001.9,0xd6,256048,0x63,2 (unfiltered)
10:00:26,back_lawn_sw,005cb5,98,1610,23.8,10001.9,0xd6,256048,0x63,2 (unfiltered)
10:01:01,back_lawn_se,005995,94,1552,23.6,10002.9,0xd6,256075,0x63,2 (unfiltered)
10:02:13,back_lawn_nw,0058ac,93,1558,23.6,10002.7,0xd6,256068,0x63,2 (unfiltered)
10:02:26,back_lawn_ne,005b45,92,1577,23.5,10001.8,0xd6,256045,0x63,2 (unfiltered)
10:03:16,desk_spare,0070f4,0,587,28.7,5.0,0x16,129,0x20,2 (unfiltered)
10:03:26,back_lawn_nw,0058ac,93,1558,23.6,10002.8,0xd6,256072,0x63,2 (unfiltered)
10:03:37,back_lawn_ne,005b45,92,1577,23.5,10001.7,0xd6,256044,0x63,2 (unfiltered)
10:03:59,back_lawn_sw,005cb5,98,1610,23.9,10001.9,0xd6,256049,0x63,2 (unfiltered)
10:04:39,back_lawn_nw,0058ac,93,1557,23.7,10001.2,0xd6,256031,0x63,2 (unfiltered)
10:05:52,back_lawn_nw,0058ac,93,1557,23.7,10001.1,0xd6,256028,0x63,2 (unfiltered)
10:07:05,back_lawn_nw,0058ac,93,1557,23.6,10001.1,0xd6,256027,0x63,2 (unfiltered)
10:08:22,back_lawn_ne,005b45,92,1577,23.5,10001.4,0xd6,256036,0x63,2 (unfiltered)
10:09:20,back_lawn_se,005995,94,1553,23.7,10002.8,0xd6,256071,0x63,2 (unfiltered)
10:09:31,back_lawn_nw,0058ac,93,1557,23.7,10001.0,0xd6,256025,0x63,2 (unfiltered)
10:09:33,back_lawn_ne,005b45,92,1578,23.5,10001.4,0xd6,256036,0x63,2 (unfiltered)
10:09:55,back_lawn_sw,005cb5,98,1611,23.9,10001.7,0xd6,256044,0x63,2 (unfiltered)
10:10:31,back_lawn_se,005995,94,1553,23.7,10002.7,0xd6,256069,0x63,2 (unfiltered)
10:10:44,back_lawn_nw,0058ac,93,1558,23.7,10000.9,0xd6,256024,0x63,2 (unfiltered)
10:10:45,back_lawn_ne,005b45,92,1578,23.5,10001.4,0xd6,256035,0x63,2 (unfiltered)
10:11:07,back_lawn_sw,005cb5,98,1611,23.9,10001.7,0xd6,256043,0x63,2 (unfiltered)
10:11:57,back_lawn_nw,0058ac,93,1558,23.7,10000.9,0xd6,256023,0x63,2 (unfiltered)
10:12:18,back_lawn_sw,005cb5,98,1611,23.9,10001.6,0xd6,256041,0x63,2 (unfiltered)
10:13:29,back_lawn_sw,005cb5,98,1611,23.9,10001.5,0xd6,256038,0x63,2 (unfiltered)
10:14:40,back_lawn_sw,005cb5,98,1611,23.9,10001.6,0xd6,256042,0x63,2 (unfiltered)
10:17:52,back_lawn_ne,005b45,92,1579,23.6,10001.4,0xd6,256035,0x63,2 (unfiltered)
10:18:50,back_lawn_se,005995,94,1553,23.8,10002.7,0xd6,256068,0x63,2 (unfiltered)
10:19:03,back_lawn_ne,005b45,92,1579,23.6,10001.4,0xd6,256036,0x63,2 (unfiltered)
10:19:25,back_lawn_sw,005cb5,98,1612,24.0,10001.6,0xd6,256041,0x63,2 (unfiltered)
10:20:01,back_lawn_se,005995,94,1553,23.8,10002.6,0xd6,256066,0x63,2 (unfiltered)
10:20:15,back_lawn_ne,005b45,92,1579,23.6,10001.4,0xd6,256037,0x63,2 (unfiltered)
10:20:28,back_lawn_nw,0058ac,93,1559,23.8,10001.0,0xd6,256025,0x63,2 (unfiltered)
10:21:48,back_lawn_sw,005cb5,98,1612,24.0,10001.6,0xd6,256040,0x63,2 (unfiltered)
10:22:24,back_lawn_se,005995,94,1553,23.8,10002.5,0xd6,256064,0x63,2 (unfiltered)
10:24:46,back_lawn_se,005995,95,1560,23.8,10003.8,0xd6,256096,0x63,2 (unfiltered)
10:25:00,back_lawn_ne,005b45,92,1577,23.6,10002.8,0xd6,256071,0x63,2 (unfiltered)
10:25:20,back_lawn_nw,0058ac,94,1565,23.8,10006.8,0xc6,256174,0x63,2 (unfiltered)
10:25:22,back_lawn_sw,005cb5,17,811,24.0,5.3,0x16,135,0x30,2 (unfiltered)
10:25:32,back_lawn_sw,005cb5,4,681,25.4,5.3,0x16,135,0x20,2 (unfiltered)
10:25:42,back_lawn_sw,005cb5,4,677,26.8,5.2,0x16,133,0x20,2 (unfiltered)
10:25:52,back_lawn_sw,005cb5,6,695,28.0,5.2,0x16,134,0x20,2 (unfiltered)
10:25:57,back_lawn_se,005995,3,639,23.8,5.2,0x16,133,0x20,2 (unfiltered)
10:26:02,back_lawn_sw,005cb5,2,662,27.9,5.2,0x16,133,0x20,2 (unfiltered)
10:26:07,back_lawn_se,005995,0,612,24.0,5.1,0x16,131,0x20,2 (unfiltered)
10:26:11,back_lawn_ne,005b45,0,624,23.6,5.2,0x16,132,0x20,2 (unfiltered)
10:26:12,back_lawn_sw,005cb5,1,653,25.8,5.2,0x16,133,0x20,2 (unfiltered)
10:26:18,back_lawn_se,005995,0,604,24.0,5.2,0x16,133,0x20,2 (unfiltered)
10:26:21,back_lawn_ne,005b45,0,625,22.8,5.2,0x16,132,0x20,2 (unfiltered)
10:26:22,back_lawn_sw,005cb5,3,667,24.0,5.3,0x16,135,0x20,2 (unfiltered)
10:26:27,back_lawn_se,005995,0,602,23.4,5.2,0x16,133,0x20,2 (unfiltered)
10:26:41,back_lawn_ne,005b45,0,620,21.3,5.2,0x16,133,0x20,2 (unfiltered)
10:26:58,back_lawn_se,005995,0,597,21.5,5.2,0x16,132,0x20,2 (unfiltered)
10:27:03,back_lawn_nw,0058ac,0,617,21.7,4.8,0x16,124,0x20,2 (unfiltered)
10:27:09,back_lawn_se,005995,0,595,21.2,5.2,0x16,133,0x20,2 (unfiltered)
10:27:11,back_lawn_ne,005b45,0,613,21.4,5.2,0x16,132,0x20,2 (unfiltered)
10:27:13,back_lawn_nw,0058ac,0,616,21.3,4.8,0x16,124,0x20,2 (unfiltered)
10:27:23,back_lawn_nw,0058ac,0,614,21.1,4.8,0x16,124,0x20,2 (unfiltered)
10:27:33,back_lawn_nw,0058ac,0,612,20.8,4.8,0x16,124,0x20,2 (unfiltered)
10:27:46,back_lawn_nw,0058ac,0,610,20.7,4.8,0x16,124,0x20,2 (unfiltered)
10:28:20,back_lawn_se,005995,0,590,20.8,5.2,0x16,133,0x20,2 (unfiltered)
10:28:33,back_lawn_ne,005b45,0,609,21.4,4.7,0x16,120,0x20,2 (unfiltered)
10:28:55,back_lawn_sw,005cb5,0,636,21.4,5.2,0x16,134,0x20,2 (unfiltered)
10:28:59,back_lawn_nw,0058ac,0,604,20.6,4.8,0x16,124,0x20,2 (unfiltered)
10:29:31,back_lawn_se,005995,0,589,20.6,5.2,0x16,133,0x20,2 (unfiltered)
10:29:45,back_lawn_ne,005b45,0,609,21.3,5.2,0x16,132,0x20,2 (unfiltered)
