time,probe,moisture_pct,m_raw,temp_C,ec_uS_cm
07:15:57,back_lawn_se,35,958,14.5,157.1
07:16:01,back_lawn_sw,31,947,12.5,76.2
07:16:11,back_lawn_ne,0,588,14.7,5.2
07:16:21,back_lawn_ne,26,889,14.4,76.0
07:16:22,back_lawn_sw,31,950,12.5,76.2
07:16:31,back_lawn_ne,26,890,13.8,76.1
07:16:33,back_lawn_sw,31,948,12.7,76.2
07:16:45,back_lawn_nw,27,889,15.3,46.0
07:17:09,back_lawn_se,34,949,13.8,136.9
07:17:44,back_lawn_sw,31,944,12.7,76.3
07:17:58,back_lawn_nw,27,888,14.6,46.0
07:18:20,back_lawn_se,34,946,13.1,136.8
07:18:33,back_lawn_ne,26,891,12.9,86.1
07:18:55,back_lawn_sw,31,943,12.8,76.3
07:19:31,back_lawn_se,34,944,12.5,136.8
07:20:07,back_lawn_sw,31,942,12.8,76.3
07:20:42,back_lawn_se,33,943,12.5,136.8
07:21:18,back_lawn_sw,31,941,12.8,76.3
07:21:54,back_lawn_se,33,942,12.5,136.8
07:22:29,back_lawn_sw,30,939,12.8,76.3
07:22:50,back_lawn_nw,59,1219,13.2,5.5
07:23:05,back_lawn_se,58,1192,12.5,5.5
07:23:10,back_lawn_nw,63,1259,14.1,15.7
07:23:15,back_lawn_se,61,1223,12.6,5.4
07:23:18,back_lawn_ne,64,1284,13.0,35.5
07:23:25,back_lawn_se,61,1222,13.1,5.4
07:23:28,back_lawn_ne,64,1283,13.5,35.5
07:23:35,back_lawn_se,61,1221,13.8,5.4
07:23:40,back_lawn_sw,57,1204,12.8,5.6
07:23:45,back_lawn_se,61,1220,14.4,5.4
07:23:58,back_lawn_ne,63,1282,14.6,25.5
07:24:00,back_lawn_sw,57,1203,13.8,5.6
07:24:05,back_lawn_se,61,1219,14.5,5.4
07:24:10,back_lawn_sw,57,1202,14.3,5.6
07:24:16,back_lawn_se,61,1218,14.6,5.4
07:24:18,back_lawn_ne,63,1281,14.6,25.5
07:24:20,back_lawn_sw,57,1201,14.3,5.6
07:24:30,back_lawn_sw,57,1200,14.3,5.6
07:24:40,back_lawn_sw,57,1199,14.3,5.6
07:24:52,back_lawn_sw,57,1198,14.3,5.6
07:25:16,back_lawn_nw,63,1258,14.6,15.6
07:25:27,back_lawn_se,61,1216,14.6,5.4
07:25:41,back_lawn_ne,63,1280,14.6,15.4
07:26:03,back_lawn_sw,56,1193,14.4,5.6
07:26:39,back_lawn_se,60,1215,14.6,5.4
07:27:14,back_lawn_sw,56,1189,14.4,5.5
07:27:42,back_lawn_nw,63,1257,14.6,5.5
07:28:03,back_lawn_ne,63,1279,14.6,25.5
07:28:25,back_lawn_sw,55,1187,14.4,5.5
07:28:55,back_lawn_nw,63,1256,14.7,5.5
07:29:36,back_lawn_sw,1,650,14.4,5.3
07:30:06,back_lawn_sw,100,1670,14.0,278.3
07:30:08,back_lawn_nw,100,1669,14.6,318.7
07:30:12,back_lawn_se,100,1646,14.6,308.6
07:30:18,back_lawn_nw,100,1670,15.8,308.7
07:30:22,back_lawn_se,100,1648,15.8,298.6
07:30:26,back_lawn_ne,100,1690,14.6,328.6
07:30:26,back_lawn_sw,100,1669,15.7,278.4
07:30:28,back_lawn_nw,100,1671,17.2,298.7
07:30:32,back_lawn_se,100,1650,17.1,288.6
07:30:36,back_lawn_ne,100,1688,15.9,318.6
07:30:48,back_lawn_sw,100,1671,18.0,268.4
07:30:52,back_lawn_se,100,1651,18.5,278.6
07:30:56,back_lawn_ne,100,1689,18.7,298.6
07:31:02,back_lawn_se,100,1649,18.5,278.6
07:31:06,back_lawn_ne,100,1674,18.7,308.7
07:31:26,back_lawn_ne,100,1671,18.6,308.7
07:31:59,back_lawn_sw,100,1668,18.3,298.8
07:32:34,back_lawn_nw,96,1593,18.8,308.9
07:32:35,back_lawn_se,100,1688,18.3,298.8
07:32:48,back_lawn_ne,100,1661,18.6,328.9
07:33:10,back_lawn_sw,100,1666,18.3,298.7
07:33:59,back_lawn_ne,100,1660,18.5,328.9
07:34:57,back_lawn_se,100,1692,18.1,288.6
07:35:00,back_lawn_nw,96,1594,18.4,298.8
07:35:11,back_lawn_ne,100,1659,18.3,328.8
07:37:26,back_lawn_nw,97,1596,17.8,298.8
07:39:52,back_lawn_nw,97,1595,17.4,298.7
07:43:52,back_lawn_sw,100,1667,16.6,288.5
07:44:41,back_lawn_ne,100,1657,16.7,328.7
07:44:44,back_lawn_nw,97,1599,16.7,308.7
07:45:03,back_lawn_sw,10,739,16.6,5.2
07:45:13,back_lawn_sw,8,714,19.2,5.3
07:45:23,back_lawn_sw,6,699,22.2,5.3
07:45:33,back_lawn_sw,6,700,25.5,5.3
07:45:39,back_lawn_se,1,619,16.4,5.1
07:45:43,back_lawn_sw,5,694,25.5,5.4
07:45:49,back_lawn_se,1,617,18.4,5.1
07:45:52,back_lawn_ne,9,718,16.7,5.2
07:45:53,back_lawn_sw,13,770,26.2,5.2
07:45:57,back_lawn_nw,17,794,16.7,5.0
07:45:59,back_lawn_se,1,622,20.8,5.1
07:46:02,back_lawn_ne,5,681,21.0,5.2
07:46:03,back_lawn_sw,8,716,29.9,5.2
07:46:07,back_lawn_nw,19,807,21.3,298.9
07:46:09,back_lawn_se,1,614,23.7,5.1
07:46:17,back_lawn_nw,14,765,27.3,4.9
07:46:19,back_lawn_se,0,612,23.8,5.2
07:46:22,back_lawn_ne,5,676,37.3,5.2
07:46:27,back_lawn_nw,13,754,37.3,5.0
07:46:29,back_lawn_se,12,723,23.7,5.1
07:46:32,back_lawn_ne,10,723,37.7,5.2
07:46:37,back_lawn_nw,5,667,37.2,4.8
07:46:39,back_lawn_se,2,626,23.7,5.1
07:46:42,back_lawn_ne,2,645,37.6,5.2
07:46:47,back_lawn_nw,5,668,35.3,4.8
07:46:50,back_lawn_se,2,624,23.2,5.1
07:46:52,back_lawn_ne,1,639,34.7,5.2
07:46:57,back_lawn_nw,3,653,31.3,4.8
07:47:03,back_lawn_ne,1,634,30.7,5.2
07:47:10,back_lawn_nw,3,651,27.3,4.8
07:47:25,back_lawn_sw,1,652,35.2,5.2
07:48:01,back_lawn_se,100,1673,22.1,288.9
07:48:11,back_lawn_se,100,1675,20.8,298.9
07:48:21,back_lawn_se,100,1676,20.1,298.9
07:48:23,back_lawn_nw,3,649,24.9,4.8
07:48:24,back_lawn_ne,100,1668,24.0,309.0
07:48:34,back_lawn_ne,100,1669,21.6,319.0
07:48:37,back_lawn_sw,2,656,32.1,5.2
07:48:44,back_lawn_ne,100,1670,19.8,329.0
07:49:01,back_lawn_se,100,1677,19.9,309.0
07:49:36,back_lawn_nw,2,641,22.1,4.8
07:50:37,back_lawn_ne,100,1660,19.8,339.1
07:50:49,back_lawn_nw,1,634,19.9,4.8
07:50:49,back_lawn_nw,1,634,19.9,4.8
07:50:59,back_lawn_sw,1,652,20.8,5.2
07:51:35,back_lawn_se,4,649,19.9,5.2
07:51:35,back_lawn_se,4,649,19.9,5.2
07:51:45,back_lawn_se,3,637,19.8,5.2
07:51:45,back_lawn_se,3,637,19.8,5.2
07:51:48,back_lawn_ne,4,666,19.8,5.3
07:51:48,back_lawn_ne,4,666,19.8,5.3
07:51:55,back_lawn_se,2,631,19.7,5.2
07:51:55,back_lawn_se,2,631,19.7,5.2
07:51:58,back_lawn_ne,4,662,19.9,5.3
07:51:58,back_lawn_ne,4,662,19.9,5.3
07:52:02,back_lawn_nw,95,1578,18.9,329.1
07:52:05,back_lawn_se,2,626,19.5,5.2
07:52:08,back_lawn_ne,3,660,20.1,5.4
07:52:10,back_lawn_sw,100,1672,20.0,319.1
07:52:12,back_lawn_nw,95,1583,18.9,329.1
07:52:15,back_lawn_se,1,622,19.3,5.2
07:52:18,back_lawn_ne,3,658,20.3,5.4
07:52:20,back_lawn_sw,100,1675,19.9,319.1
07:52:22,back_lawn_nw,95,1584,19.3,329.1
07:52:25,back_lawn_se,1,617,19.2,5.2
07:52:28,back_lawn_ne,3,657,20.5,5.4
07:52:28,back_lawn_ne,3,657,20.5,5.4
07:52:30,back_lawn_sw,100,1674,19.9,319.1
07:52:38,back_lawn_ne,3,655,20.6,5.3
07:52:46,back_lawn_se,0,610,19.0,5.2
07:52:52,back_lawn_nw,96,1585,20.0,319.1
07:52:59,back_lawn_ne,3,652,20.8,5.0
07:52:59,back_lawn_ne,3,652,20.8,5.0
07:53:57,back_lawn_se,0,596,18.9,5.2
07:54:11,back_lawn_ne,2,644,20.8,5.3
07:54:11,back_lawn_ne,2,644,20.8,5.3
07:54:28,back_lawn_nw,6,684,20.0,4.8
07:54:28,back_lawn_nw,6,684,20.0,4.8
07:54:33,back_lawn_sw,6,703,20.2,5.3
07:54:33,back_lawn_sw,6,703,20.2,5.3
07:54:38,back_lawn_nw,3,649,20.1,4.8
07:54:43,back_lawn_sw,4,675,20.2,5.4
07:55:22,back_lawn_ne,0,617,20.8,5.2
07:56:20,back_lawn_se,0,607,18.8,5.2
07:56:33,back_lawn_ne,0,602,20.6,5.2
07:57:31,back_lawn_se,0,599,18.7,5.2
07:57:44,back_lawn_ne,0,594,20.4,5.2
07:58:42,back_lawn_se,0,604,18.7,5.2
07:58:56,back_lawn_ne,0,589,20.1,5.1
07:59:54,back_lawn_se,0,584,18.7,5.2
08:00:07,back_lawn_ne,0,587,20.0,5.1
08:01:05,back_lawn_se,0,583,18.6,5.2
08:02:16,back_lawn_se,0,581,18.6,5.2
08:02:29,back_lawn_ne,0,586,20.0,5.1
08:04:03,back_lawn_sw,1,646,20.5,5.3
08:04:12,back_lawn_nw,2,641,20.3,5.4
08:04:13,back_lawn_sw,0,643,20.6,5.3
08:04:22,back_lawn_nw,2,639,20.3,5.4
08:04:23,back_lawn_sw,0,640,20.6,5.3
08:04:42,back_lawn_nw,2,635,20.1,5.4
08:04:43,back_lawn_sw,0,635,20.6,5.2
08:04:53,back_lawn_sw,0,633,20.6,5.3
08:05:12,back_lawn_nw,1,633,20.0,5.4
08:05:14,back_lawn_sw,0,628,20.7,5.2
08:05:25,back_lawn_nw,1,632,20.0,5.4
08:06:25,back_lawn_sw,0,619,20.8,5.3
08:06:38,back_lawn_nw,1,628,20.0,5.4
08:07:01,back_lawn_se,0,593,20.3,5.2
08:07:36,back_lawn_sw,0,615,20.8,5.2
08:07:51,back_lawn_nw,1,625,20.0,5.6
08:08:48,back_lawn_sw,0,614,20.9,5.2
08:09:04,back_lawn_nw,0,622,19.9,15.7
08:09:37,back_lawn_ne,0,619,20.3,5.2
08:09:47,back_lawn_ne,1,639,20.4,5.4
08:09:57,back_lawn_ne,2,643,20.4,5.4
08:10:07,back_lawn_ne,2,646,20.6,5.4
08:10:17,back_lawn_ne,2,649,20.8,5.4
08:10:27,back_lawn_ne,2,650,20.9,5.4
08:10:37,back_lawn_ne,3,651,21.0,5.3
08:11:15,back_lawn_se,0,594,18.7,5.2
08:11:46,back_lawn_se,0,592,18.3,5.2
08:12:57,back_lawn_se,0,590,18.2,5.2
08:13:11,back_lawn_ne,2,641,21.2,5.4
08:14:09,back_lawn_se,0,588,18.2,5.2
08:14:22,back_lawn_ne,1,636,21.3,15.4
08:15:20,back_lawn_se,0,587,18.2,5.2
08:15:33,back_lawn_ne,1,633,21.4,5.4
08:16:31,back_lawn_se,0,586,18.2,5.2
08:16:44,back_lawn_ne,0,629,21.4,15.4
08:17:42,back_lawn_se,0,585,18.3,5.2
08:18:48,back_lawn_nw,1,626,20.8,46.0
08:19:08,back_lawn_nw,0,620,20.9,46.1
08:19:18,back_lawn_nw,0,618,20.9,56.1
08:19:28,back_lawn_nw,0,617,20.8,56.1
08:19:38,back_lawn_nw,0,615,20.8,56.2
08:19:39,back_lawn_sw,0,637,20.8,5.4
08:19:48,back_lawn_nw,0,614,20.8,56.2
08:19:59,back_lawn_sw,0,634,20.3,5.4
08:20:01,back_lawn_nw,0,612,20.7,66.2
08:20:09,back_lawn_sw,0,632,20.2,5.4
08:20:19,back_lawn_sw,0,631,20.2,5.4
08:20:29,back_lawn_sw,0,630,20.1,5.4
08:21:14,back_lawn_nw,0,607,20.6,66.2
08:21:52,back_lawn_sw,0,621,20.0,5.4
08:22:27,back_lawn_nw,0,605,20.5,66.3
08:23:03,back_lawn_sw,0,613,20.0,5.3
08:23:40,back_lawn_nw,0,603,20.5,66.3
08:24:14,back_lawn_sw,0,612,20.0,5.3
08:24:53,back_lawn_nw,0,601,20.5,76.3
08:25:03,back_lawn_ne,0,618,20.9,5.3
08:25:53,back_lawn_ne,4,667,20.9,146.9
08:26:01,back_lawn_se,0,606,20.9,5.6
08:26:11,back_lawn_se,0,600,20.9,5.6
08:26:21,back_lawn_se,0,598,20.9,5.6
08:26:41,back_lawn_se,0,595,20.9,5.6
08:28:32,back_lawn_nw,3,645,21.1,4.9
08:28:37,back_lawn_ne,0,626,21.5,147.0
08:29:35,back_lawn_se,0,578,20.8,15.7
08:29:48,back_lawn_ne,0,593,21.8,5.2
08:33:22,back_lawn_ne,0,604,21.1,5.3
08:33:24,back_lawn_nw,0,591,21.3,5.0
08:33:29,back_lawn_se,0,591,21.1,5.3
08:33:32,back_lawn_ne,0,600,21.2,5.3
08:33:34,back_lawn_nw,0,588,21.2,4.9
08:33:39,back_lawn_se,0,589,21.1,5.4
08:33:42,back_lawn_ne,0,597,21.3,5.3
08:33:54,back_lawn_nw,0,585,21.1,4.9
08:33:54,back_lawn_sw,8,716,21.5,157.4
08:38:07,back_lawn_ne,0,612,21.3,5.3
08:38:16,back_lawn_nw,0,606,21.5,4.9
08:38:29,back_lawn_sw,0,620,21.6,5.3
08:38:36,back_lawn_nw,0,609,21.5,4.9
08:38:37,back_lawn_ne,0,616,20.4,5.0
08:41:27,back_lawn_se,0,597,21.6,5.3
08:50:57,back_lawn_se,10,708,22.0,5.2
08:51:07,back_lawn_se,5,662,23.4,5.2
08:51:11,back_lawn_ne,8,711,22.0,5.1
08:51:17,back_lawn_se,4,652,24.6,5.2
08:51:21,back_lawn_ne,8,706,23.5,5.1
08:51:31,back_lawn_ne,7,694,24.6,5.1
08:51:33,back_lawn_sw,9,728,22.2,5.2
08:51:37,back_lawn_se,4,648,25.5,5.2
08:51:39,back_lawn_nw,4,656,22.1,5.0
08:51:41,back_lawn_ne,6,684,25.3,5.2
08:51:43,back_lawn_sw,11,745,23.3,157.4
08:51:47,back_lawn_se,4,646,25.2,5.2
08:51:49,back_lawn_nw,2,640,23.1,4.8
08:51:51,back_lawn_ne,5,675,25.3,5.2
08:51:53,back_lawn_sw,10,742,24.5,147.3
08:51:57,back_lawn_se,4,645,24.9,5.2
08:51:59,back_lawn_nw,2,637,24.0,4.8
08:52:01,back_lawn_ne,5,671,24.7,4.7
08:52:03,back_lawn_sw,10,738,25.5,137.3
08:52:09,back_lawn_se,4,644,24.6,5.2
08:52:11,back_lawn_ne,4,668,24.3,5.2
08:52:13,back_lawn_sw,10,735,25.5,137.2
08:52:23,back_lawn_sw,9,732,25.5,127.1
08:52:33,back_lawn_sw,0,641,25.4,5.2
08:52:39,back_lawn_nw,1,629,24.3,4.8
08:52:52,back_lawn_nw,0,608,25.5,4.8
08:53:20,back_lawn_se,3,640,24.6,5.4
08:53:33,back_lawn_ne,0,603,23.8,5.2
08:53:55,back_lawn_sw,100,1766,25.0,5.1
08:54:05,back_lawn_nw,97,1603,25.4,4.8
08:54:05,back_lawn_sw,100,1768,24.4,5.1
08:54:15,back_lawn_nw,98,1609,25.2,4.8
08:54:31,back_lawn_se,100,1652,24.4,5.1
08:54:35,back_lawn_nw,98,1610,23.4,4.8
08:54:35,back_lawn_sw,100,1769,23.7,5.2
08:54:41,back_lawn_se,100,1663,24.0,5.1
08:54:44,back_lawn_ne,100,1666,23.6,5.1
08:54:51,back_lawn_se,100,1666,23.6,5.1
08:54:54,back_lawn_ne,100,1680,23.4,5.1
08:54:55,back_lawn_sw,100,1767,23.7,5.1
08:55:04,back_lawn_ne,100,1681,23.4,5.0
08:55:05,back_lawn_nw,98,1608,23.4,4.8
08:55:11,back_lawn_se,100,1667,23.3,5.1
08:55:14,back_lawn_ne,100,1682,23.4,5.1
08:55:21,back_lawn_se,100,1668,23.3,5.1
08:55:31,back_lawn_se,100,1669,23.3,5.1
08:56:18,back_lawn_sw,100,1764,23.7,5.2
08:56:31,back_lawn_nw,97,1600,23.4,4.8
08:56:54,back_lawn_se,100,1656,23.3,5.1
08:57:07,back_lawn_ne,100,1665,23.4,5.1
08:57:29,back_lawn_sw,100,1743,23.7,46.1
08:57:44,back_lawn_nw,100,1648,23.4,25.8
08:58:05,back_lawn_se,100,1634,23.3,36.0
08:58:18,back_lawn_ne,100,1721,23.4,35.7
08:58:40,back_lawn_sw,100,1732,23.6,25.8
08:58:57,back_lawn_nw,100,1646,23.4,25.8
08:59:16,back_lawn_se,100,1632,23.3,36.0
08:59:29,back_lawn_ne,100,1718,23.3,45.7
08:59:52,back_lawn_sw,100,1731,23.5,25.8
09:00:27,back_lawn_se,100,1631,23.3,46.0
09:00:41,back_lawn_ne,100,1717,23.3,45.8
09:01:23,back_lawn_nw,100,1682,23.5,25.9
09:01:39,back_lawn_se,9,694,23.3,5.2
09:01:49,back_lawn_se,100,1662,23.2,299.1
09:01:52,back_lawn_ne,100,1659,23.3,329.3
09:01:59,back_lawn_se,100,1685,23.2,299.1
09:02:09,back_lawn_se,100,1675,23.2,278.9
09:02:14,back_lawn_sw,100,1681,23.4,309.2
09:02:19,back_lawn_se,100,1676,23.2,278.9
09:02:36,back_lawn_nw,99,1623,23.5,309.2
09:03:03,back_lawn_ne,100,1658,23.3,329.3
09:03:25,back_lawn_sw,100,1678,23.5,339.6
09:04:01,back_lawn_se,100,1673,23.3,278.9
09:04:14,back_lawn_ne,100,1657,23.3,339.4
09:05:12,back_lawn_se,100,1671,23.3,288.9
09:05:48,back_lawn_sw,100,1676,23.5,359.9
09:06:37,back_lawn_ne,100,1656,23.3,359.6
09:08:41,back_lawn_nw,99,1622,23.5,309.3
09:08:46,back_lawn_se,100,1670,23.4,299.2
09:08:59,back_lawn_ne,100,1655,23.3,359.6
09:09:22,back_lawn_sw,100,1677,23.5,349.8
09:13:33,back_lawn_nw,99,1621,23.5,309.2
09:14:07,back_lawn_sw,4,682,23.5,5.2
